#,Àlies,Org.,Pro.,Eco.,Descripció,Crèdits inicials,Modificacions de crèdit,Crèdits totals consignats,Retencions de crèdit,Autoritzacions s/disponible,Disposicions o compromisos,Obligacions reconegudes,Pag. Ordenats,Pagaments fets,de crèdits disponibles,de crèdits retinguts pendents d'ús,de despeses autoritzades,de despeses compromeses,d'obligacions reconegudes
,,SG1,9120,1000001,RETRIBUCIONS.- CÀRRECS ELECTES,332605.0,0.0,332605.0,332605.0,0.0,180555.14,180555.14,180555.14,180555.14,0.0,152049.86,0.0,0.0,0.0
,,SG5,1300,1200001,BASIQUES FUNC.- POLICIA .......,914935.0,0.0,914935.0,914935.0,0.0,422068.27,422068.27,422068.27,422068.27,0.0,492866.73,0.0,0.0,0.0
,,CM2,1511,1200001,BASIQUES FUNC.- URBANISME .....,59010.0,0.0,59010.0,59010.0,0.0,20279.99,20279.99,20279.99,20279.99,0.0,38730.01,0.0,0.0,0.0
,,CM1,1532,1200001,BASIQUES FUNC.-VIES PUBLIQUES,11201.0,0.0,11201.0,11201.0,0.0,5516.9,5516.9,5516.9,5516.9,0.0,5684.1,0.0,0.0,0.0
,,CM1,1711,1200001,BASIQUES FUNC.- CIUTAT I MEDI AMBIENT,12845.0,0.0,12845.0,12845.0,0.0,5840.24,5840.24,5840.24,5840.24,0.0,7004.76,0.0,0.0,0.0
,,CM6,1721,1200001,RETRIBUCIONS BASIQUES.- MEDI AMBIENT,15196.0,0.0,15196.0,15196.0,0.0,0.0,0.0,0.0,0.0,0.0,15196.0,0.0,0.0,0.0
,,SP1,2310,1200001,RETRIBUCIONS BASIQUES ASSISTENCIA PRIMARIA,16409.0,0.0,16409.0,16409.0,0.0,8312.37,8312.37,8312.37,8312.37,0.0,8096.63,0.0,0.0,0.0
,,SG8,2410,1200001,RETRIBUCIONS BASIQUES.- FORMACIÓ,14332.0,0.0,14332.0,14332.0,0.0,7177.0,7177.0,7177.0,7177.0,0.0,7155.0,0.0,0.0,0.0
,,SP3,3322,1200001,BASIQUES FUNC.- ARXIU I PATR..,24721.0,0.0,24721.0,24721.0,0.0,12177.95,12177.95,12177.95,12177.95,0.0,12543.05,0.0,0.0,0.0
,,SG8,4330,1200001,BASIQUES FUNC.-ACTIVITATS,16913.0,0.0,16913.0,16913.0,0.0,8826.19,8826.19,8826.19,8826.19,0.0,8086.81,0.0,0.0,0.0
,,SG1,9120,1200001,BASIQUES FUNC.- ORG. GOVERN..,17064.0,0.0,17064.0,17064.0,0.0,2749.13,2749.13,2749.13,2749.13,0.0,14314.87,0.0,0.0,0.0
,,SG1,9202,1200001,BASIQUES FUNC.-SERVEIS JURÍDICS.....,64129.0,0.0,64129.0,64129.0,0.0,30297.59,30297.59,30297.59,30297.59,0.0,33831.41,0.0,0.0,0.0
,,SG1,9203,1200001,BASIQUES FUNC.- CONTRACTACIÓ.,17882.0,0.0,17882.0,17882.0,0.0,7859.97,7859.97,7859.97,7859.97,0.0,10022.03,0.0,0.0,0.0
,,SG4,9311,1200001,BASIQUES FUNC.- INTERVENCIO,21382.0,0.0,21382.0,21382.0,0.0,11119.51,11119.51,11119.51,11119.51,0.0,10262.49,0.0,0.0,0.0
,,SG4,9340,1200001,BASIQUES FUNC.- GESTIÓ TRIBUTÀRIA I RECAPTACIÓ,65930.0,0.0,65930.0,65930.0,0.0,24696.25,24696.25,24696.25,24696.25,0.0,41233.75,0.0,0.0,0.0
,,SG5,1300,1210001,COMPLEM. FUNC.- POLICIA ......,785196.0,0.0,785196.0,785196.0,0.0,400462.97,400462.97,400462.97,400462.97,0.0,384733.03,0.0,0.0,0.0
,,CM2,1511,1210001,COMPLEM. FUNC.- URBANISME ....,59890.0,0.0,59890.0,59890.0,0.0,23662.4,23662.4,23662.4,23662.4,0.0,36227.6,0.0,0.0,0.0
,,CM1,1532,1210001,COMPLEM. FUNC.- VIES PUBLIQUES.,5858.0,0.0,5858.0,5858.0,0.0,2885.46,2885.46,2885.46,2885.46,0.0,2972.54,0.0,0.0,0.0
,,CM1,1711,1210001,COMPLEM. FUNC.- CIUTAT I MEDI AMBIENT,6787.0,0.0,6787.0,6787.0,0.0,2897.22,2897.22,2897.22,2897.22,0.0,3889.78,0.0,0.0,0.0
,,CM6,1721,1210001,RETRIBUCIONS COMPLEMENTARIES.- MEDI AMBIENT,10796.0,0.0,10796.0,10796.0,0.0,1558.47,1558.47,1558.47,1558.47,0.0,9237.53,0.0,0.0,0.0
,,SP1,2310,1210001,RETRIBUCIONS COMPLEMENTARIES - ATENCIO PRIMARIA,12660.0,0.0,12660.0,12660.0,0.0,6102.89,6102.89,6102.89,6102.89,0.0,6557.11,0.0,0.0,0.0
,,SG8,2410,1210001,COMPLEM. FUNC.- FORMACIÓ,9387.0,0.0,9387.0,9387.0,0.0,5859.12,5859.12,5859.12,5859.12,0.0,3527.88,0.0,0.0,0.0
,,SP3,3322,1210001,COMPLEM. FUNC.- ARXIU I PATR..,16411.0,0.0,16411.0,16411.0,0.0,8051.94,8051.94,8051.94,8051.94,0.0,8359.06,0.0,0.0,0.0
,,SG8,4330,1210001,COMPLEM. FUNC.-ACTIVITATS,16135.0,0.0,16135.0,16135.0,0.0,7948.32,7948.32,7948.32,7948.32,0.0,8186.68,0.0,0.0,0.0
,,SG1,9120,1210001,COMPLEM. FUNC.- ORG. GOVERN,16354.0,0.0,16354.0,16354.0,0.0,10623.04,10623.04,10623.04,10623.04,0.0,5730.96,0.0,0.0,0.0
,,SG1,9202,1210001,COMPLEM. FUNC.-SERVEIS JURÍDICS....,95443.0,0.0,95443.0,95443.0,0.0,36730.41,36730.41,36730.41,36730.41,0.0,58712.59,0.0,0.0,0.0
,,SG1,9203,1210001,COMPLEM. FUNC.- CONTRACTACIÓ..,10367.0,0.0,10367.0,10367.0,0.0,4141.97,4141.97,4141.97,4141.97,0.0,6225.03,0.0,0.0,0.0
,,SG4,9311,1210001,COMPLEM. FUNC.- INTERVENCIO.,31946.0,0.0,31946.0,31946.0,0.0,13026.43,13026.43,13026.43,13026.43,0.0,18919.57,0.0,0.0,0.0
,,SG4,9340,1210001,COMPLEM. FUNC.- GESTIÓ TRIBUTÀRIA I RECAPTACIÓ,52329.0,0.0,52329.0,52329.0,0.0,21425.84,21425.84,21425.84,21425.84,0.0,30903.16,0.0,0.0,0.0
,,SG5,1300,1300001,BASIQUES LAB.- POLICIA ........,12481.0,0.0,12481.0,12481.0,0.0,6231.01,6231.01,6231.01,6231.01,0.0,6249.99,0.0,0.0,0.0
,,CM2,1511,1300001,BASIQUES LAB.- URBANISME ......,133580.0,0.0,133580.0,133580.0,0.0,67184.76,67184.76,67184.76,67184.76,0.0,66395.24,0.0,0.0,0.0
,,CM2,1512,1300001,BASIQUES LAB.- PROJECTES ......,39710.0,0.0,39710.0,39710.0,0.0,35067.93,35067.93,35067.93,35067.93,0.0,4642.07,0.0,0.0,0.0
,,CM1,1532,1300001,BASIQUES LAB.- VIES PUBLIQUES ..,62060.0,0.0,62060.0,62060.0,0.0,31970.47,31970.47,31970.47,31970.47,0.0,30089.53,0.0,0.0,0.0
,,CM1,1650,1300001,BASIQUES LAB.- ENLLUMENAT ......,65463.0,0.0,65463.0,65463.0,0.0,29674.97,29674.97,29674.97,29674.97,0.0,35788.03,0.0,0.0,0.0
,,CM1,1710,1300001,BASIQUES LAB.- PARCS I JARD..,75891.0,0.0,75891.0,75891.0,0.0,37092.19,37092.19,37092.19,37092.19,0.0,38798.81,0.0,0.0,0.0
,,CM1,1711,1300001,BASIQUES LAB.- CIUTAT I MEDI AMBIENT,140768.0,0.0,140768.0,140768.0,0.0,68048.54,68048.54,68048.54,68048.54,0.0,72719.46,0.0,0.0,0.0
,,CM6,1721,1300001,BASIQUES LAB.- MEDI AMBIENT,26550.0,0.0,26550.0,26550.0,0.0,13640.36,13640.36,13640.36,13640.36,0.0,12909.64,0.0,0.0,0.0
,,SP1,2310,1300001,BASIQUES LAB.- ASSISTÈNCIA PRIMÀRIA,284851.0,0.0,284851.0,284851.0,0.0,132747.64,132747.64,132747.64,132747.64,0.0,152103.36,0.0,0.0,0.0
,,SP1,2311,1300001,BASIQUES LAB.- R.G.A.,903440.0,0.0,903440.0,903440.0,0.0,404801.21,404801.21,404801.21,404801.21,0.0,498638.79,0.0,0.0,0.0
,,SG8,2410,1300001,BASIQUES LAB.- FORMACIÓ,13607.0,0.0,13607.0,13607.0,0.0,6859.42,6859.42,6859.42,6859.42,0.0,6747.58,0.0,0.0,0.0
,,SP1,3110,1300001,BASIQUES LAB.-SANITAT ........,16067.0,0.0,16067.0,27962.0,0.0,8383.53,8383.53,8383.53,8383.53,-11895.0,19578.47,0.0,0.0,0.0
,,SP1,3230,1300001,BASIQUES LAB.- EDUCACIO ......,132245.0,0.0,132245.0,132245.0,0.0,61423.26,61423.26,61423.26,61423.26,0.0,70821.74,0.0,0.0,0.0
,,SP1,3260,1300001,BASIQUES LAB.- ESCOLES MUNICIPALS,40127.0,0.0,40127.0,40127.0,0.0,16323.31,16323.31,16323.31,16323.31,0.0,23803.69,0.0,0.0,0.0
,,SP3,3322,1300001,BASIQUES LAB.- ARXIU I PATR..,34273.0,0.0,34273.0,34273.0,0.0,16747.12,16747.12,16747.12,16747.12,0.0,17525.88,0.0,0.0,0.0
,,SP3,3340,1300001,BASIQUES LAB.- CULTURA ........,56789.0,0.0,56789.0,56789.0,0.0,42189.52,42189.52,42189.52,42189.52,0.0,14599.48,0.0,0.0,0.0
,,SP3,3370,1300001,BASIQUES LAB.- JOVENTUT,42417.0,0.0,42417.0,42417.0,0.0,15707.9,15707.9,15707.9,15707.9,0.0,26709.1,0.0,0.0,0.0
,,SP3,3400,1300001,BASIQUES LAB.- ESPORTS .......,242974.0,0.0,242974.0,242974.0,0.0,125345.23,125345.23,125345.23,125345.23,0.0,117628.77,0.0,0.0,0.0
,,SG8,4310,1300001,BASIQUES LAB.- COMERÇ,12858.0,0.0,12858.0,12858.0,0.0,6333.4,6333.4,6333.4,6333.4,0.0,6524.6,0.0,0.0,0.0
,,SG8,4312,1300001,BASIQUES LAB.- MERCATS,41940.0,0.0,41940.0,41940.0,0.0,14324.79,14324.79,14324.79,14324.79,0.0,27615.21,0.0,0.0,0.0
,,SG8,4330,1300001,BASIQUES LAB.- ACTIVITATS,36653.0,0.0,36653.0,36653.0,0.0,19537.81,19537.81,19537.81,19537.81,0.0,17115.19,0.0,0.0,0.0
,,SG1,9120,1300001,BASIQUES LAB.- ALCALDIA,56349.0,0.0,56349.0,56349.0,0.0,27149.83,27149.83,27149.83,27149.83,0.0,29199.17,0.0,0.0,0.0
,,SG1,9202,1300001,BASIQUES LAB.-SERVEIS JURÍDICS......,83281.0,0.0,83281.0,83281.0,0.0,41058.29,41058.29,41058.29,41058.29,0.0,42222.71,0.0,0.0,0.0
,,SG1,9203,1300001,BÀSIQUES - LABORAL - CONTRACTACIÓ,14729.0,0.0,14729.0,14729.0,0.0,6278.69,6278.69,6278.69,6278.69,0.0,8450.31,0.0,0.0,0.0
,,SG1,9205,1300001,BASIQUES LAB.- REC. HUMANS,98885.0,0.0,98885.0,98885.0,0.0,47311.33,47311.33,47311.33,47311.33,0.0,51573.67,0.0,0.0,0.0
,,SG4,9206,1300001,BASIQUES LAB.- INFORMATICA,32249.0,0.0,32249.0,32249.0,0.0,14720.09,14720.09,14720.09,14720.09,0.0,17528.91,0.0,0.0,0.0
,,SG1,9250,1300001,BASIQUES LAB.- OFICINA ATENCIÓ AL CIUTADÀ,100074.0,0.0,100074.0,100074.0,0.0,43741.36,43741.36,43741.36,43741.36,0.0,56332.64,0.0,0.0,0.0
,,SG4,9311,1300001,BASIQUES LAB.- INTERVENCIO,44491.0,0.0,44491.0,44491.0,0.0,21049.87,21049.87,21049.87,21049.87,0.0,23441.13,0.0,0.0,0.0
,,SG4,9340,1300001,BASIQUES LAB.- GESTIÓ TRIBUTÀRIA I RECAPTACIÓ,67214.0,0.0,67214.0,67214.0,0.0,33283.85,33283.85,33283.85,33283.85,0.0,33930.15,0.0,0.0,0.0
,,SG1,9205,1300101,HORES EXTRAORDINÀRIES /SERV. EXTRAORD.. RR.HH.,65975.0,0.0,65975.0,118861.07,0.0,47101.6,47101.6,47101.6,47101.6,-52886.07,71759.47,0.0,0.0,0.0
,,SG5,1300,1300201,COMPLEM. LAB.- POLICIA .......,7261.0,0.0,7261.0,7261.0,0.0,3997.86,3997.86,3997.86,3997.86,0.0,3263.14,0.0,0.0,0.0
,,CM2,1511,1300201,COMPLEM. LAB.- URBANISME .....,106088.0,0.0,106088.0,106088.0,0.0,87254.16,87254.16,87254.16,87254.16,0.0,18833.84,0.0,0.0,0.0
,,CM2,1512,1300201,COMPLEM. LAB.- PROJECTES .....,41208.0,0.0,41208.0,41208.0,0.0,36697.52,36697.52,36697.52,36697.52,0.0,4510.48,0.0,0.0,0.0
,,CM1,1532,1300201,COMPLEM. LAB.- VIES PUBLIQUES..,44834.0,0.0,44834.0,44834.0,0.0,27036.41,27036.41,27036.41,27036.41,0.0,17797.59,0.0,0.0,0.0
,,CM1,1650,1300201,COMPLEM. LAB.- ENLLUMENAT .....,54237.0,0.0,54237.0,54237.0,0.0,28707.88,28707.88,28707.88,28707.88,0.0,25529.12,0.0,0.0,0.0
,,CM1,1710,1300201,COMPLEM. LAB.- PARCS I JARD.,47608.0,0.0,47608.0,47608.0,0.0,23481.71,23481.71,23481.71,23481.71,0.0,24126.29,0.0,0.0,0.0
,,CM1,1711,1300201,COMPLEM. LAB.- CIUTAT I MEDI AMBIENT,118191.0,0.0,118191.0,118191.0,0.0,59697.71,59697.71,59697.71,59697.71,0.0,58493.29,0.0,0.0,0.0
,,CM6,1721,1300201,COMPLEM. LAB.- MEDI AMBIENT,22219.0,0.0,22219.0,22219.0,0.0,11402.58,11402.58,11402.58,11402.58,0.0,10816.42,0.0,0.0,0.0
,,SP1,2310,1300201,COMPLEM. LAB.- ATENCIÓ PRIMÀRIA,192122.0,0.0,192122.0,192122.0,0.0,89447.03,89447.03,89447.03,89447.03,0.0,102674.97,0.0,0.0,0.0
,,SP1,2311,1300201,COMPLEM. LAB.- R.G.A.,798409.0,0.0,798409.0,798409.0,0.0,385929.47,385929.47,385929.47,385929.47,0.0,412479.53,0.0,0.0,0.0
,,SG8,2410,1300201,COMPLEM. LAB.- FORMACIÒ.,7275.0,0.0,7275.0,7275.0,0.0,3668.74,3668.74,3668.74,3668.74,0.0,3606.26,0.0,0.0,0.0
,,SP1,3110,1300201,COMPLEM. LAB.-SANITAT .......,11895.0,0.0,11895.0,0.0,0.0,0.0,0.0,0.0,0.0,11895.0,0.0,0.0,0.0,0.0
,,SP1,3230,1300201,COMPLEM. LAB.- EDUCACIO......,96388.0,0.0,96388.0,96388.0,0.0,47260.53,47260.53,47260.53,47260.53,0.0,49127.47,0.0,0.0,0.0
,,SP1,3260,1300201,COMPLEM. LAB.- ESCOLES MPALS.,36887.0,0.0,36887.0,36887.0,0.0,20707.31,20707.31,20707.31,20707.31,0.0,16179.69,0.0,0.0,0.0
,,SP3,3322,1300201,COMPLEM. LAB.- ARXIU I PATR.,22939.0,0.0,22939.0,22939.0,0.0,11786.23,11786.23,11786.23,11786.23,0.0,11152.77,0.0,0.0,0.0
,,SP3,3340,1300201,COMPLEM. LAB.- CULTURA .......,38002.0,0.0,38002.0,38002.0,0.0,28740.59,28740.59,28740.59,28740.59,0.0,9261.41,0.0,0.0,0.0
,,SP3,3370,1300201,COMPLEMEN. LAB.- JOVENTUT,27171.0,0.0,27171.0,27171.0,0.0,18529.03,18529.03,18529.03,18529.03,0.0,8641.97,0.0,0.0,0.0
,,SP3,3400,1300201,COMPLEM. LAB.- ESPORTS ......,182935.0,0.0,182935.0,182935.0,0.0,91362.12,91362.12,91362.12,91362.12,0.0,91572.88,0.0,0.0,0.0
,,SG8,4310,1300201,COMPLEM. LAB.-COMERÇ,7275.0,0.0,7275.0,7275.0,0.0,4359.62,4359.62,4359.62,4359.62,0.0,2915.38,0.0,0.0,0.0
,,SG8,4312,1300201,COMPLEM. LAB.-MERCATS,23999.0,0.0,23999.0,23999.0,0.0,8775.92,8775.92,8775.92,8775.92,0.0,15223.08,0.0,0.0,0.0
,,SG8,4330,1300201,COMPLEM. LAB.-ACTIVITATS,25367.0,0.0,25367.0,25367.0,0.0,12189.22,12189.22,12189.22,12189.22,0.0,13177.78,0.0,0.0,0.0
,,SG1,9120,1300201,COMPLEM. LAB.-ALCALDIA,38121.0,0.0,38121.0,38121.0,0.0,16985.06,16985.06,16985.06,16985.06,0.0,21135.94,0.0,0.0,0.0
,,SG1,9202,1300201,COMPLEM. LAB.-SERVEIS JURÍDICS ....,53006.0,0.0,53006.0,53006.0,0.0,27581.18,27581.18,27581.18,27581.18,0.0,25424.82,0.0,0.0,0.0
,,SG1,9203,1300201,COMPLEMENTARIES LABORAL- CONTRACTACIO,7343.0,0.0,7343.0,7343.0,0.0,4909.98,4909.98,4909.98,4909.98,0.0,2433.02,0.0,0.0,0.0
,,SG1,9205,1300201,COMPLEM. LAB.- REC. HUMANS.,104756.0,0.0,104756.0,64756.0,0.0,31476.42,31476.42,31476.42,31476.42,40000.0,33279.58,0.0,0.0,0.0
,,SG4,9206,1300201,COMPLEM. LAB.- INFORMATICA,30864.0,0.0,30864.0,30864.0,0.0,16041.82,16041.82,16041.82,16041.82,0.0,14822.18,0.0,0.0,0.0
,,SG1,9250,1300201,COMPLEM. LAB.- OFICINA ATENCIÓ AL CIUTADÀ,60072.0,0.0,60072.0,60072.0,0.0,37379.57,37379.57,37379.57,37379.57,0.0,22692.43,0.0,0.0,0.0
,,SG4,9311,1300201,COMPLEM. LAB.- INTERVENCIO.,33523.0,0.0,33523.0,33523.0,0.0,24530.64,24530.64,24530.64,24530.64,0.0,8992.36,0.0,0.0,0.0
,,SG4,9340,1300201,COMPLEM. LAB.- GESTIÓ TRIBUTÀRIA I RECAPTACIÓ,41673.0,0.0,41673.0,41673.0,0.0,23998.63,23998.63,23998.63,23998.63,0.0,17674.37,0.0,0.0,0.0
,,CM1,1532,1310001,LABORAL EVENTUAL  - VIES PUBLIQUES,0.0,0.0,0.0,0.0,0.0,0.0,0.0,0.0,0.0,0.0,0.0,0.0,0.0,0.0
,,CM1,1710,1310001,LABORAL EVENTUAL - BENESTAR COMUNITARI,0.0,0.0,0.0,0.0,0.0,0.0,0.0,0.0,0.0,0.0,0.0,0.0,0.0,0.0
,,CM6,1721,1310001,LABORAL EVENTUAL -MEDI AMBIENT,0.0,59399.54,59399.54,53333.38,0.0,7284.36,7284.36,7284.36,7284.36,6066.16,46049.02,0.0,0.0,0.0
,,SP1,2310,1310001,LABORAL EVENTUAL.- ATENCIÓ PRIMÀRIA,101500.0,0.0,101500.0,209968.97,0.0,139462.12,139462.12,139462.12,139462.12,-108468.97,70506.85,0.0,0.0,0.0
,,SP1,2311,1310001,PERS. EVENTUAL - R.G.A. ........,406000.0,49000.0,455000.0,304991.91,0.0,288853.05,288853.05,288853.05,288853.05,150008.09,16138.86,0.0,0.0,0.0
,,SG8,2410,1310001,LABORAL EVENTUAL .- PROMOCIÓ ECONÒMICA,0.0,0.0,0.0,0.0,0.0,0.0,0.0,0.0,0.0,0.0,0.0,0.0,0.0,0.0
,,SP1,3260,1310001,LABORAL EVENTUAL.- ESCOLES MUNICIPALS,162400.0,0.0,162400.0,116957.46,0.0,72415.41,72415.41,72415.41,72415.41,45442.54,44542.05,0.0,0.0,0.0
,,SP3,3400,1310001,LABORAL EVENTUAL.- SERV. MPAL. ESPORTS,0.0,0.0,0.0,40149.58,0.0,0.0,0.0,0.0,0.0,-40149.58,40149.58,0.0,0.0,0.0
,,SG8,4320,1310001,LABORAL EVENTUAL -TURISME,0.0,12177.37,12177.37,12177.37,0.0,4178.79,4178.79,4178.79,4178.79,0.0,7998.58,0.0,0.0,0.0
,,SG1,9205,1310001,LABORAL EVENTUAL - RECURSOS HUMANS,25375.0,0.0,25375.0,56850.55,0.0,15010.2,15010.2,15010.2,15010.2,-31475.55,41840.35,0.0,0.0,0.0
,,SG8,2410,1310011,PERSONAL TEMPORAL- PROJECTES SOIB,0.0,828470.28,828470.28,823623.25,74.18,585894.33,585894.33,585894.33,585894.33,4772.85,237803.1,0.0,0.0,0.0
,,SG1,9205,1500001,PRODUCTIVITAT.- REC. HUMANS.,391171.0,0.0,391171.0,391171.0,0.0,132943.16,132943.16,132943.16,132943.16,0.0,258227.84,0.0,0.0,0.0
,,SG5,1300,1600001,SEG. SOCIAL.- POLICIA ........,550394.0,0.0,550394.0,552211.69,0.0,289383.71,289383.71,289383.71,289383.71,-1817.69,262827.98,0.0,0.0,0.0
,,CM2,1511,1600001,SEG. SOCIAL.- URBANISME ......,108937.0,0.0,108937.0,108937.0,0.0,57276.41,57276.41,57276.41,57276.41,0.0,51660.59,0.0,0.0,0.0
,,CM2,1512,1600001,SEG. SOCIAL.- PROJECTES ......,21082.0,0.0,21082.0,21082.0,0.0,11084.4,11084.4,11084.4,11084.4,0.0,9997.6,0.0,0.0,0.0
,,CM1,1532,1600001,SEG. SOCIAL.- VIES PUBLIQUES...,45793.0,0.0,45793.0,45793.0,0.0,24076.84,24076.84,24076.84,24076.84,0.0,21716.16,0.0,0.0,0.0
,,CM1,1650,1600001,SEG. SOCIAL.- ENLLUMENAT ......,43811.0,0.0,43811.0,43811.0,0.0,23034.75,23034.75,23034.75,23034.75,0.0,20776.25,0.0,0.0,0.0
,,CM1,1710,1600001,SEG. SOCIAL.- PARCS I JARDIN,45201.0,0.0,45201.0,45201.0,0.0,23765.58,23765.58,23765.58,23765.58,0.0,21435.42,0.0,0.0,0.0
,,CM1,1711,1600001,SEG. SOCIAL.- CIUTAT I MEDI AMBIENT,94530.0,0.0,94530.0,94530.0,0.0,49701.56,49701.56,49701.56,49701.56,0.0,44828.44,0.0,0.0,0.0
,,CM6,1721,1600001,SEG. SOCIAL.- MEDI AMBIENT,21742.0,18875.37,40617.37,38649.25,0.0,11431.41,11431.41,11431.41,11431.41,1968.12,27217.84,0.0,0.0,0.0
,,SP1,2310,1600001,SEG. SOCIAL.- ATENCIÓ PRIMÀRIA,189425.0,0.0,189425.0,225337.04,0.0,114960.49,114960.49,114960.49,114960.49,-35912.04,110376.55,0.0,0.0,0.0
,,SP1,2311,1600001,SEG. SOCIAL.- R.G.A.,660882.0,21000.0,681882.0,629949.08,0.0,308329.85,308329.85,308329.85,308329.85,51932.92,321619.23,0.0,0.0,0.0
,,SG8,2410,1600001,SEG. SOCIAL.- FORMACIÓ,12430.0,243989.26,256419.26,254810.71,0.0,89047.75,89047.75,89047.75,89047.75,1608.55,165762.96,0.0,0.0,0.0
,,SP1,3110,1600001,SEG. SOCIAL.-SANITAT ........,8640.0,0.0,8640.0,8640.0,0.0,4542.7,4542.7,4542.7,4542.7,0.0,4097.3,0.0,0.0,0.0
,,SP1,3230,1600001,SEG. SOCIAL.- EDUCACIO ......,75423.0,0.0,75423.0,76903.8,0.0,39655.57,39655.57,39655.57,39655.57,-1480.8,37248.23,0.0,0.0,0.0
,,SP1,3260,1600001,SEG. SOCIAL.- ESCOLES MUNICIPALS,74142.0,0.0,74142.0,59971.67,0.0,29662.88,29662.88,29662.88,29662.88,14170.33,30308.79,0.0,0.0,0.0
,,SP3,3322,1600001,SEG. SOCIAL.- ARXIU I PATR..,31417.0,0.0,31417.0,31417.0,0.0,16518.29,16518.29,16518.29,16518.29,0.0,14898.71,0.0,0.0,0.0
,,SP3,3340,1600001,SEG. SOCIAL.- CULTURA ........,30414.0,0.0,30414.0,30414.0,0.0,15990.94,15990.94,15990.94,15990.94,0.0,14423.06,0.0,0.0,0.0
,,SP3,3370,1600001,SEG. SOCIAL.- JOVENTUT,21503.0,0.0,21503.0,21503.0,0.0,11305.75,11305.75,11305.75,11305.75,0.0,10197.25,0.0,0.0,0.0
,,SP3,3400,1600001,SEG. SOCIAL.- ESPORTS .......,139356.0,0.0,139356.0,152081.06,0.0,73269.98,73269.98,73269.98,73269.98,-12725.06,78811.08,0.0,0.0,0.0
,,SG8,4310,1600001,SEG. SOCIAL.- COMERÇ,6221.0,0.0,6221.0,6221.0,0.0,3270.85,3270.85,3270.85,3270.85,0.0,2950.15,0.0,0.0,0.0
,,SG8,4312,1600001,SEG. SOCIAL.- MERCATS,20375.0,0.0,20375.0,20375.0,0.0,10712.68,10712.68,10712.68,10712.68,0.0,9662.32,0.0,0.0,0.0
,,SG8,4320,1600001,QUOTES SOCIALS,0.0,3782.84,3782.84,3782.84,0.0,0.0,0.0,0.0,0.0,0.0,3782.84,0.0,0.0,0.0
,,SG8,4330,1600001,SEG. SOCIAL.- ACTIVITATS,27492.0,0.0,27492.0,27492.0,0.0,14454.62,14454.62,14454.62,14454.62,0.0,13037.38,0.0,0.0,0.0
,,SG1,9120,1600001,SEG. SOCIAL.- ORG. GOVERN...,40353.0,0.0,40353.0,40353.0,0.0,21216.62,21216.62,21216.62,21216.62,0.0,19136.38,0.0,0.0,0.0
,,SG1,9202,1600001,SEG.SOCIAL.-SERVEIS JURÍDICS,80339.0,0.0,80339.0,80339.0,0.0,42240.29,42240.29,42240.29,42240.29,0.0,38098.71,0.0,0.0,0.0
,,SG1,9203,1600001,SEG. SOCIAL.- CONTRACTACIÓ,15493.0,0.0,15493.0,15493.0,0.0,8145.84,8145.84,8145.84,8145.84,0.0,7347.16,0.0,0.0,0.0
,,SG1,9205,1600001,SEG. SOCIAL.- REC. HUMANS,252172.0,0.0,252172.0,216744.42,0.0,98520.82,98520.82,98520.82,98520.82,35427.58,118223.6,0.0,0.0,0.0
,,SG4,9206,1600001,SEG. SOCIAL.- INFORMATICA,19502.0,0.0,19502.0,19502.0,0.0,10253.68,10253.68,10253.68,10253.68,0.0,9248.32,0.0,0.0,0.0
,,SG1,9250,1600001,SEG. SOCIAL.- OFICINA ATENCIÓ AL CIUTADÀ,49485.0,0.0,49485.0,50982.77,0.0,26018.0,26018.0,26018.0,26018.0,-1497.77,24964.77,0.0,0.0,0.0
,,SG4,9311,1600001,SEG. SOCIAL.- INTERVENCIO.,37658.0,0.0,37658.0,37658.0,0.0,19799.66,19799.66,19799.66,19799.66,0.0,17858.34,0.0,0.0,0.0
,,SG4,9340,1600001,SEG. SOCIAL.- GESTIÓ TRIBUTÀRIA I RECAPTACIO,69021.0,0.0,69021.0,69021.0,0.0,36289.55,36289.55,36289.55,36289.55,0.0,32731.45,0.0,0.0,0.0
,,SG1,9120,1600101,SEG.SOCIAL.-ORG.GOVERN D.EX.,77049.0,0.0,77049.0,77049.0,0.0,0.0,0.0,0.0,0.0,0.0,77049.0,0.0,0.0,0.0
,,SG1,9205,1610401,INDEMNIZACIÓ PER JUBILACIONS ANTICIPADES,10000.0,0.0,10000.0,0.0,0.0,0.0,0.0,0.0,0.0,10000.0,0.0,0.0,0.0,0.0
,,SG1,9205,1620001,FUNCIONARIS.- FORMACIÓ,4000.0,0.0,4000.0,0.0,919.6,919.6,919.6,919.6,919.6,3080.4,0.0,0.0,0.0,0.0
,,SG1,9205,1620401,FUNCIONARIS.- ACCIO SOCIAL,85000.0,0.0,85000.0,20340.91,0.0,20340.91,20340.91,20340.91,20340.91,64659.09,0.0,0.0,0.0,0.0
,,SG1,9205,1630001,PERSONAL LABORAL.- FORMACIO,6000.0,0.0,6000.0,0.0,600.0,600.0,600.0,600.0,600.0,5400.0,0.0,0.0,0.0,0.0
,,SG1,9205,1630401,PERSONAL LABORAL.- ACCIO SOC.,115000.0,0.0,115000.0,55657.15,8193.85,63851.0,63851.0,63851.0,63851.0,51149.0,0.0,0.0,0.0,0.0
,,SG1,9205,1630501,PERSONAL LABORAL.-ASSEGURANCES,4500.0,0.0,4500.0,0.0,0.0,0.0,0.0,0.0,0.0,4500.0,0.0,0.0,0.0,0.0
,,SG5,1300,2000001,LLOGUER TERRENYS.- POLICIA,205000.0,0.0,205000.0,43988.93,91297.08,96743.9,72822.77,69279.13,69279.13,69713.99,38542.11,0.0,23921.13,3543.64
,,SG5,1300,2020001,LLOGUERS D'EDIFICIS- POLICIA,25000.0,0.0,25000.0,0.0,6171.0,6171.0,6171.0,5142.5,5142.5,18829.0,0.0,0.0,0.0,1028.5
,,SP1,1522,2020001,LLOGUERS D'EDIFICIS- HABITATGE,20000.0,0.0,20000.0,20000.0,0.0,10437.37,10437.37,10437.37,9441.21,0.0,9562.63,0.0,0.0,0.0
,,CM1,1711,2020001,LLOGUERS EDIFICIS- MICROCIUTAT,25000.0,0.0,25000.0,25000.0,4248.12,14687.9,14687.9,14456.5,14456.5,-4248.12,14560.22,0.0,0.0,231.4
,,SP3,3322,2020001,LLOGUER DEPENDÈNCIES - ARXIU,28000.0,0.0,28000.0,28000.0,2240.51,13443.06,13443.06,13443.06,13443.06,-2240.51,16797.45,0.0,0.0,0.0
,,SG4,9311,2020001,LLOGUER EDIFICI SANT ROC .- GESTIÓ PRES.,29000.0,0.0,29000.0,24504.56,4495.44,13486.32,13486.32,13486.32,13486.32,0.0,15513.68,0.0,0.0,0.0
,,SG1,9203,2030001,LLOGUER MAQUINARIA.- CONTRACTACIO,40000.0,0.0,40000.0,0.0,11993.3,11993.3,11993.3,10767.92,9663.79,28006.7,0.0,0.0,0.0,1225.38
,,CM1,1711,2040001,LLOGUER VEHICLES.-MICROCIUTAT,30000.0,0.0,30000.0,30000.0,0.0,29979.35,19419.11,19419.11,19419.11,0.0,20.65,0.0,10560.24,0.0
,,SG5,1300,2100001,CONSERVACIÓ VIES PÚBLIQUES.- POLICIA,50000.0,57156.11,107156.11,0.0,67944.66,67944.66,67944.44,67944.44,67944.44,39211.45,0.0,0.0,0.22,0.0
,,CM1,1532,2100001,REP.MANT.VIES PUBL.- VIES PUBLIQUES,180000.0,0.0,180000.0,180000.0,3054.52,72002.74,72002.74,66706.32,66706.32,-3054.52,111051.78,0.0,0.0,5296.42
,,CM1,1710,2100001,REP.MANT.VIES PUBL.- PARCS I JARDINS,80000.0,0.0,80000.0,80000.0,23485.11,103239.45,103239.45,101763.37,101763.37,-23485.11,245.66,0.0,0.0,1476.08
,,SG5,1300,2120001,REP.MANT.EDIFICIS.- POLICIA,1200.0,0.0,1200.0,0.0,395.08,395.08,395.08,313.28,313.28,804.92,0.0,0.0,0.0,81.8
,,SP1,1640,2120001,REP.MANT.ZONES CEMENTIRI,10500.0,0.0,10500.0,10500.0,0.0,3799.88,3799.88,3799.88,3799.88,0.0,6700.12,0.0,0.0,0.0
,,CM1,1719,2120001,REP. MANT EDIFICIS MUNICIPALS,100000.0,0.0,100000.0,94976.7,5023.3,23036.83,23036.83,23036.83,11521.71,0.0,76963.17,0.0,0.0,0.0
,,SP1,2311,2120001,REP.MANT.EDIFICIS.- RGA,85000.0,0.0,85000.0,80386.13,0.0,2788.66,2788.66,2788.66,2500.45,4613.87,77597.47,0.0,0.0,0.0
,,SG8,2410,2120001,MANT.EDIFICIS I ALTRES CONSTRUCCIONS-FOR OCUPACIO,6000.0,0.0,6000.0,0.0,0.0,0.0,0.0,0.0,0.0,6000.0,0.0,0.0,0.0,0.0
,,SP1,3230,2120001,REP.MANT.EDIFICIS.- EDUCACIO,70000.0,0.0,70000.0,70000.0,580.34,17118.01,17118.01,15813.12,15813.12,-580.34,53462.33,0.0,0.0,1304.89
,,SP3,3300,2120001,EDIFICIS I ALTRES CONSTRUCCIONS - CULTURA,12000.0,-4943.88,7056.12,7056.12,0.0,3766.65,3766.65,3766.65,3766.65,0.0,3289.47,0.0,0.0,0.0
,,SP3,3341,2120001,REP.MANT.EDIFICIS.- CENTRE ART HDEZ  SANZ,10000.0,0.0,10000.0,10000.0,0.0,5261.08,5261.08,5224.68,5224.68,0.0,4738.92,0.0,0.0,36.4
,,SP3,3400,2120001,REP.MANT.EDIFICIS.- ESPORTS,10000.0,0.0,10000.0,10000.0,373.27,3235.19,3235.19,3235.19,3235.19,-373.27,7138.08,0.0,0.0,0.0
,,SG8,4310,2120001,EDIFICIS I ALTRES CONSTRUCCIONS.- PPAL DE GUARDIA,10000.0,0.0,10000.0,0.0,1.25,1.25,1.25,1.25,1.25,9998.75,0.0,0.0,0.0,0.0
,,SG8,4312,2120001,MANT.EDIFICIS I ALTRES CONSTRUCCIONS PEIXATERIA,3000.0,0.0,3000.0,0.0,201.2,201.2,201.2,201.2,201.2,2798.8,0.0,0.0,0.0,0.0
,,SG5,1300,2130001,REP.MANT.MAQ.INSTAL.UTIL.- POLICIA,10000.0,0.0,10000.0,0.0,3071.73,3071.73,3071.73,3071.73,3071.73,6928.27,0.0,0.0,0.0,0.0
,,CM2,1511,2130001,"MAQUINARIA, INSTAL.LACIONS I ESTRIS,. URBANISME",2000.0,0.0,2000.0,2000.0,0.0,0.0,0.0,0.0,0.0,0.0,2000.0,0.0,0.0,0.0
,,CM1,1621,2130001,CONSERVACIÓ INSTALACIONS - RSU,0.0,5415.1,5415.1,0.0,5415.1,5415.1,5415.1,5415.1,5415.1,0.0,0.0,0.0,0.0,0.0
,,CM1,1650,2130001,REP.MANT.MAQ.INSTAL.UTIL.- ENLLUM. PUB.,60000.0,0.0,60000.0,60000.0,48.19,12584.13,12584.13,12584.13,12584.13,-48.19,47464.06,0.0,0.0,0.0
,,CM1,1710,2130001,REP.MANT.MAQ.INSTAL.UTIL.- PARCS I JARD.,3000.0,0.0,3000.0,3000.0,0.0,3000.0,3000.0,3000.0,3000.0,0.0,0.0,0.0,0.0,0.0
,,CM1,1711,2130001,REP.MANT.MAQ.INSTAL.UTIL.-MICROCIUTAT,0.0,64000.0,64000.0,60000.0,12878.57,8878.57,4492.92,4492.92,4492.92,-8878.57,60000.0,4000.0,4385.65,0.0
,,CM1,1719,2130001,REP. MANT MAQ.INSTAL. UTILLATGE - EDIFICIS MUNICIPALS,8000.0,0.0,8000.0,8000.0,0.0,1816.0,1816.0,1816.0,1609.78,0.0,6184.0,0.0,0.0,0.0
,,SP1,2310,2130001,REP.MANT.MAQ.INSTAL.UTIL.-ATEN. PRIMÀRIA,5000.0,0.0,5000.0,5000.0,0.0,1574.99,1574.99,1574.99,1574.99,0.0,3425.01,0.0,0.0,0.0
,,SP1,2311,2130001,REP.MANT.MAQ.INSTAL.UTIL.- R.G.A,70000.0,0.0,70000.0,64823.41,848.9,29202.13,29202.13,29202.13,26482.09,4327.69,36470.18,0.0,0.0,0.0
,,SP1,3230,2130001,REP.MANT.MAQ.INSTAL.UTIL.- EDUCACIO,37000.0,0.0,37000.0,37000.0,0.0,20289.37,20289.37,18193.82,18193.82,0.0,16710.63,0.0,0.0,2095.55
,,SP3,3300,2130001,"MAQUINARIA, INSTAL.LACIONS I ESTRIS- SM CULTURA SC",10000.0,0.0,10000.0,10000.0,409.39,1056.75,1056.75,1056.75,814.83,-409.39,9352.64,0.0,0.0,0.0
,,SP3,3322,2130001,REP.MANT.MAQ.INSTAL.UTIL.- ARXIU,500.0,0.0,500.0,500.0,0.0,0.0,0.0,0.0,0.0,0.0,500.0,0.0,0.0,0.0
,,SP3,3400,2130001,REP.MANT.MAQ.INSTAL.UTIL.- ESPORTS,45000.0,0.0,45000.0,45000.0,667.45,18193.79,18193.79,17115.55,17115.55,-667.45,27473.66,0.0,0.0,1078.24
,,SG1,9120,2130001,REP.MANT.MAQ.INSTAL.UTIL.- ORG. GOVERN,500.0,0.0,500.0,0.0,0.0,0.0,0.0,0.0,0.0,500.0,0.0,0.0,0.0,0.0
,,SG1,9203,2130001,REP.MANT.MAQ.INSTAL.UTIL.- CONTRACTACIÓ,300.0,0.0,300.0,0.0,0.0,0.0,0.0,0.0,0.0,300.0,0.0,0.0,0.0,0.0
,,SG4,9311,2130001,"MAQUINARIA, INSTAL.LACIONS.- SERV. ECONÒMICS",1000.0,0.0,1000.0,1000.0,0.0,0.0,0.0,0.0,0.0,0.0,1000.0,0.0,0.0,0.0
,,SG5,1300,2140001,REP.MANT.VEHICLES.- POLICIA,18000.0,0.0,18000.0,0.0,5983.33,5983.33,5983.33,5606.64,5368.94,12016.67,0.0,0.0,0.0,376.69
,,CM1,1711,2140001,REP.MANT.VEHICLES.-  MICROCIUTAT,12000.0,0.0,12000.0,11762.27,237.73,6610.46,6610.46,6610.46,6610.46,0.0,5389.54,0.0,0.0,0.0
,,CM1,1719,2140001,REP. MANT VEHICLES - EDIFICIS MUNICIPALS,5000.0,0.0,5000.0,4880.15,119.85,120.21,120.21,120.21,120.21,0.0,4879.79,0.0,0.0,0.0
,,SP1,2311,2140001,REP.MANT.VEHICLES.- R.G.A,10000.0,0.0,10000.0,10000.0,0.0,68.55,68.55,68.55,68.55,0.0,9931.45,0.0,0.0,0.0
,,SP1,3230,2140001,REP.MANT.VEHICLES.-EDUCACIO,400.0,0.0,400.0,400.0,59.35,459.35,459.35,459.35,459.35,-59.35,0.0,0.0,0.0,0.0
,,SG4,9206,2160001,REP.MANT.EQUIPS INFORMATICS.,5000.0,0.0,5000.0,4465.02,534.98,748.98,748.98,748.98,748.98,0.0,4251.02,0.0,0.0,0.0
,,SP1,2310,2200001,MAT. OFICINA ORDINARI.- ATENCIÓ PRIMARIA,1000.0,0.0,1000.0,1000.0,0.0,542.76,542.76,542.76,542.76,0.0,457.24,0.0,0.0,0.0
,,SP1,2311,2200001,MAT. OFICINA ORDINARI.- RGA,1000.0,0.0,1000.0,1000.0,0.0,358.78,358.78,358.78,322.48,0.0,641.22,0.0,0.0,0.0
,,SP3,3400,2200001,MAT. OFICINA ORDINARI.- ESPORTS,900.0,0.0,900.0,900.0,0.0,10.22,10.22,10.22,10.22,0.0,889.78,0.0,0.0,0.0
,,SG1,9120,2200001,MAT. OFICINA ORDINARI.- ORG. GOVERN,100.0,0.0,100.0,0.0,0.0,0.0,0.0,0.0,0.0,100.0,0.0,0.0,0.0,0.0
,,SG1,9250,2200001,MAT. OFICINA ORDINARI.- OAC,500.0,0.0,500.0,0.0,0.0,0.0,0.0,0.0,0.0,500.0,0.0,0.0,0.0,0.0
,,SG4,9311,2200001,MAT. OFICINA ORDINARI.- GESTIÓ PRES.,18000.0,0.0,18000.0,15144.73,2855.27,7529.05,7529.05,7529.05,7469.35,0.0,4637.95,5833.0,0.0,0.0
,,SP3,3322,2200101,"PREMSA, LLIBRES, SUBSCRIPCIONS- ARXIU",700.0,0.0,700.0,700.0,0.0,0.0,0.0,0.0,0.0,0.0,700.0,0.0,0.0,0.0
,,SG1,9120,2200101,"PREMSA,  LLIBRES, SUBSCRIP.- ORG. GOVERN",700.0,0.0,700.0,0.0,0.0,0.0,0.0,0.0,0.0,700.0,0.0,0.0,0.0,0.0
,,SG4,9311,2200101,"PREMSA, LLIBRES, SUBSCRIP..- G. PRES.",600.0,0.0,600.0,385.0,215.0,215.0,215.0,215.0,215.0,0.0,385.0,0.0,0.0,0.0
,,SG4,9311,2200201,MAT.INFORMÀTIC CONSUM. - GESTIÓ PRES.,3000.0,0.0,3000.0,3000.0,0.0,1218.31,1218.31,1218.31,1110.74,0.0,1781.69,0.0,0.0,0.0
,,CM1,1650,2210001,ENERGIA ELECTRICA.-ENLLUMENAT PUBLIC I EDIFICIS MPALS.,900000.0,0.0,900000.0,0.0,458973.2,458973.2,458973.2,458973.2,458973.2,441026.8,0.0,0.0,0.0,0.0
,,SP1,3230,2210101,SUBMINISTRAMENT D'AIGUA.- EDUCACIÓ,1400.0,0.0,1400.0,1400.0,0.0,656.97,656.97,656.97,656.97,0.0,743.03,0.0,0.0,0.0
,,SG5,1300,2210301,COMBUSTIBLE I CARBURANTS.- POLICIA,28000.0,0.0,28000.0,0.0,3061.0,3061.0,3061.0,3061.0,3061.0,24939.0,0.0,0.0,0.0,0.0
,,CM1,1711,2210301,COMBUSTIBLE I CARBURANTS.-  MICROCIUTAT,20000.0,0.0,20000.0,20000.0,1597.15,3378.71,3378.71,3378.71,3378.71,-1597.15,18218.44,0.0,0.0,0.0
,,CM1,1719,2210301,COMBUSTIBLES I CARB. - EDIFICIS MUNICIPALS,4000.0,0.0,4000.0,4000.0,0.0,0.0,0.0,0.0,0.0,0.0,4000.0,0.0,0.0,0.0
,,SP1,2311,2210301,COMBUSTIBLE I CARBURANTS.- R.G.A,72000.0,0.0,72000.0,72000.0,0.0,39791.25,39791.25,39791.25,39791.25,0.0,32208.75,0.0,0.0,0.0
,,SP1,3230,2210301,COMBUSTIBLE I CARBURANTS.-EDUCACIO,58000.0,0.0,58000.0,58000.0,55.79,26423.7,26423.7,26304.14,26304.14,-55.79,31632.09,0.0,0.0,119.56
,,SP3,3400,2210301,COMBUSTIBLE I CARBURANTS.-ESPORTS,75000.0,0.0,75000.0,75000.0,49.01,29642.23,29642.23,29642.23,29642.23,-49.01,45406.78,0.0,0.0,0.0
,,SG5,1300,2210401,VESTUARI.-POLICIA,40000.0,0.0,40000.0,25881.0,1062.18,1062.18,1062.18,1062.18,1062.18,13056.82,25881.0,0.0,0.0,0.0
,,CM1,1711,2210401,VESTUARI. -  MICROCIUTAT,15000.0,0.0,15000.0,15000.0,0.0,1425.82,1425.82,1425.82,1425.82,0.0,13574.18,0.0,0.0,0.0
,,CM1,1719,2210401,VESTUARI. - EDIFICIS MUNICIPALS,6000.0,0.0,6000.0,6000.0,0.0,654.97,654.97,654.97,654.97,0.0,5345.03,0.0,0.0,0.0
,,SP1,2310,2210401,"VESTUARI,-ATENCIÓ PRIMÀRIA",350.0,0.0,350.0,350.0,0.0,0.0,0.0,0.0,0.0,0.0,350.0,0.0,0.0,0.0
,,SP1,2311,2210401,"VESTUARI,-R.G.A",10000.0,0.0,10000.0,10000.0,0.0,610.78,610.78,610.78,585.78,0.0,9389.22,0.0,0.0,0.0
,,SP1,3230,2210401,VESTUARI.- EDUCACIÓ,600.0,0.0,600.0,600.0,167.83,555.5,555.5,555.5,555.5,-167.83,212.33,0.0,0.0,0.0
,,SP3,3400,2210401,VESTUARI ESPORTS,5000.0,0.0,5000.0,5000.0,0.0,264.27,264.27,264.27,264.27,0.0,4735.73,0.0,0.0,0.0
,,SP1,2311,2210501,PRODUCTES ALIMENTICIS.-RGA,170000.0,0.0,170000.0,165000.0,0.0,64425.04,64425.04,64425.04,63507.03,5000.0,100574.96,0.0,0.0,0.0
,,SP1,2311,2210601,PRODUCTES FARMACÈUTICS.-R.G.A,3000.0,0.0,3000.0,3000.0,0.0,836.48,836.48,836.48,681.86,0.0,2163.52,0.0,0.0,0.0
,,SP3,3400,2210601,PRODUCTES FARMACÈUTICS.-ESPORTS,1000.0,0.0,1000.0,1000.0,0.0,0.0,0.0,0.0,0.0,0.0,1000.0,0.0,0.0,0.0
,,SP1,2311,2211001,PRODUCTES DE HIGIENE.-R.G.A,18000.0,0.0,18000.0,18000.0,0.0,14205.58,14205.58,14205.58,14205.58,0.0,3794.42,0.0,0.0,0.0
,,SG5,1300,2219901,PRODUCTES VARIS.-  POLICIA,20000.0,0.0,20000.0,18.76,1422.1,1440.86,1440.86,1416.78,1416.78,18559.14,0.0,0.0,0.0,24.08
,,CM2,1512,2219901,PRODUCTES VARIS.- OBRA PUBLICA,0.0,0.0,0.0,0.0,0.0,0.0,0.0,0.0,0.0,0.0,0.0,0.0,0.0,0.0
,,SP1,2311,2219901,PRODUCTES VARIS.- R.G.A,6000.0,0.0,6000.0,5945.75,0.0,4129.89,4129.89,4116.11,3635.97,54.25,1815.86,0.0,0.0,13.78
,,SP1,3231,2219901,MATERIALS DIVERS - ESCOLES INFANTILS 0-3,30000.0,0.0,30000.0,30000.0,0.0,1341.69,1341.69,1341.69,1341.69,0.0,28658.31,0.0,0.0,0.0
,,SP3,3400,2219901,PRODUCTES VARIS.- ESPORTS,10000.0,0.0,10000.0,10000.0,850.92,7796.65,7796.65,6707.21,6707.21,-850.92,3054.27,0.0,0.0,1089.44
,,SG4,9206,2219901,PRODUCTES VARIS.-  INFORMATICA,4000.0,0.0,4000.0,3754.99,245.01,245.01,245.01,245.01,245.01,0.0,3754.99,0.0,0.0,0.0
,,SG4,9311,2219901,PRODUCTES VARIS.- GESTIÓ PRES.,3000.0,0.0,3000.0,3000.0,0.0,886.04,886.04,886.04,886.04,0.0,2113.96,0.0,0.0,0.0
,,SG4,9206,2220001,COMUNICACIONS TELEFÒNIQUES.,50000.0,0.0,50000.0,40369.55,9630.45,11207.73,11207.73,11207.73,11207.73,0.0,8792.27,30000.0,0.0,0.0
,,SG4,9340,2220101,COM. POSTALS (SEGELLS).- G. FINANCERA,60000.0,0.0,60000.0,58828.95,1171.05,5614.01,5614.01,5614.01,5614.01,0.0,54385.99,0.0,0.0,0.0
,,SG5,1300,2240001,ASSEGURANCES.-POLICIA,8000.0,0.0,8000.0,0.0,211.25,211.25,211.25,211.25,211.25,7788.75,0.0,0.0,0.0,0.0
,,SP1,2310,2240001,ASSEGURANCES,0.0,0.0,0.0,0.0,0.0,0.0,0.0,0.0,0.0,0.0,0.0,0.0,0.0,0.0
,,SP1,2311,2240001,ASSEGURANCES.-R.G.A,7500.0,0.0,7500.0,7500.0,0.0,0.0,0.0,0.0,0.0,0.0,7500.0,0.0,0.0,0.0
,,SP1,3230,2240001,ASSEGURANCES.- EDUCACIO,400.0,0.0,400.0,400.0,0.0,0.0,0.0,0.0,0.0,0.0,400.0,0.0,0.0,0.0
,,SP3,3380,2240001,ASSEGURANCES.-FESTES,12000.0,0.0,12000.0,12000.0,0.0,862.58,862.58,862.58,862.58,0.0,11137.42,0.0,0.0,0.0
,,SP3,3400,2240001,ASSEGURANCES ESPORTS,5000.0,0.0,5000.0,5000.0,0.0,0.0,0.0,0.0,0.0,0.0,5000.0,0.0,0.0,0.0
,,SG1,9202,2240001,ASSEGURANCES.-SECRETARIA,60000.0,0.0,60000.0,60000.0,0.0,51900.0,51900.0,51900.0,51900.0,0.0,8100.0,0.0,0.0,0.0
,,CM1,1610,2250001,TRIBUTS.- AIGUA I SANEJAMENT,30000.0,0.0,30000.0,30000.0,0.0,0.0,0.0,0.0,0.0,0.0,30000.0,0.0,0.0,0.0
,,CM1,1532,2260001,CONCESSIÓN CANON COSTES- CASETA CREU ROJA,0.0,0.0,0.0,0.0,0.0,0.0,0.0,0.0,0.0,0.0,0.0,0.0,0.0,0.0
,,CM1,1610,2260001,CONCESSIONS ADMINISTRATIVES.-AIGUA,10000.0,0.0,10000.0,10000.0,0.0,560.09,560.09,560.09,560.09,0.0,9439.91,0.0,0.0,0.0
,,CM6,1721,2260001,CANONS COSTES - CASETA CREU ROJA,2000.0,0.0,2000.0,2000.0,0.0,305.73,305.73,305.73,305.73,0.0,1694.27,0.0,0.0,0.0
,,SG1,9120,2260101,ATENCIONS REPRESENTATIVES.- ORG. GOV.,10000.0,0.0,10000.0,0.0,0.0,0.0,0.0,0.0,0.0,10000.0,0.0,0.0,0.0,0.0
,,CM2,1511,2260201,PUBLICITAT I PROPAGANDA.-  URBANISME,3000.0,0.0,3000.0,0.0,3807.14,3807.14,3807.14,3807.14,3807.14,-807.14,0.0,0.0,0.0,0.0
,,SP1,1522,2260201,PUBLICITAT I PROPAGANDA- HABITATGE,1500.0,0.0,1500.0,1500.0,0.0,645.17,645.17,582.25,582.25,0.0,854.83,0.0,0.0,62.92
,,CM6,1721,2260201,PUBLICITAT I PROPAGANDA.- MEDI AMBIENT,10000.0,0.0,10000.0,10000.0,0.0,3637.26,3637.26,260.15,260.15,0.0,6362.74,0.0,0.0,3377.11
,,SP1,2310,2260201,PUBLICITAT I PROPAGANDA.-  ATE.PRIMÀRIA,10000.0,0.0,10000.0,10000.0,0.0,3567.99,3567.99,3567.99,3567.99,0.0,6432.01,0.0,0.0,0.0
,,SP1,3230,2260201,PUBLICITAT I PROPAGANDA.- EDUCACIO,3000.0,0.0,3000.0,3000.0,0.0,0.0,0.0,0.0,0.0,0.0,3000.0,0.0,0.0,0.0
,,SP1,3260,2260201,PUBLICITAT I PROPAGANDA.- ESC.MUNICIPALS,1500.0,0.0,1500.0,1500.0,0.0,0.0,0.0,0.0,0.0,0.0,1500.0,0.0,0.0,0.0
,,SP3,3322,2260201,PUBLICITAT I PROPAGANDA.- ARXIU,1000.0,0.0,1000.0,1000.0,0.0,411.4,411.4,411.4,411.4,0.0,588.6,0.0,0.0,0.0
,,SP3,3341,2260201,PUBLICITAT I PROPAGANDA.- CENTRE ART HDEZ  SANZ,10000.0,0.0,10000.0,10000.0,0.0,5294.28,5294.28,2239.03,2239.03,0.0,4705.72,0.0,0.0,3055.25
,,SP3,3344,2260201,PUBLICITAT I PROPAGANDA.- PROMO. CULT.,15000.0,0.0,15000.0,15000.0,0.0,1471.59,1471.59,1471.59,1471.59,0.0,13528.41,0.0,0.0,0.0
,,SP3,3370,2260201,PUBLICITAT I PROPAGANDA.-OCI I TEMPS LLIURE,1000.0,0.0,1000.0,1000.0,0.0,89.6,89.6,89.6,89.6,0.0,910.4,0.0,0.0,0.0
,,SP3,3380,2260201,PUBLICITAT I PROPAGANDA.- FESTES,26000.0,0.0,26000.0,26000.0,798.77,2922.31,2922.31,2922.31,2922.31,-798.77,23876.46,0.0,0.0,0.0
,,SG8,4310,2260201,PUBLICITAT I PROPAGANDA.-COMERÇ,4000.0,0.0,4000.0,0.0,4138.85,4138.85,4138.85,703.95,472.34,-138.85,0.0,0.0,0.0,3434.9
,,SG8,4312,2260201,PUBLICITAT I PROPAGANDA.- MERCATS,5000.0,0.0,5000.0,0.0,2815.07,2815.07,2815.07,802.47,802.47,2184.93,0.0,0.0,0.0,2012.6
,,SG8,4320,2260201,PUBLICITAT I PROPAGANDA.-TURISME,6000.0,0.0,6000.0,0.0,1379.4,1379.4,1379.4,847.0,847.0,4620.6,0.0,0.0,0.0,532.4
,,SG8,4330,2260201,PUBLICITAT I PROPAGANDA.-  ACTIVITATS,4000.0,0.0,4000.0,0.0,0.0,0.0,0.0,0.0,0.0,4000.0,0.0,0.0,0.0,0.0
,,SG1,9202,2260201,PUBLICITAT I PROPAGANDA.- SECRETARIA,300.0,0.0,300.0,0.0,0.0,0.0,0.0,0.0,0.0,300.0,0.0,0.0,0.0,0.0
,,SG1,9203,2260201,PUBLICITAT I PROPAGANDA.-CONTRACTACIO,6000.0,0.0,6000.0,0.0,2385.91,2385.91,2385.91,2385.91,2385.91,3614.09,0.0,0.0,0.0,0.0
,,SG1,9250,2260201,PUBLICITAT I PROPAGANDA.- OAC,1000.0,0.0,1000.0,0.0,0.0,0.0,0.0,0.0,0.0,1000.0,0.0,0.0,0.0,0.0
,,SG1,9260,2260201,PUBLICITAT I PROPAGANDA.-COMUNICACIO,20000.0,0.0,20000.0,0.0,14808.86,14808.86,14808.86,14591.06,14591.06,5191.14,0.0,0.0,0.0,217.8
,,CM2,1511,2260401,DESPESES JURÍDIQUES.-URBANISME,2500.0,0.0,2500.0,2500.0,0.0,883.76,883.76,112.74,112.74,0.0,1616.24,0.0,0.0,771.02
,,SG1,9202,2260401,DESPESES JURIDIQUES.- SECRETARIA,18000.0,0.0,18000.0,0.0,3576.84,3576.84,3576.84,3576.84,1918.34,14423.16,0.0,0.0,0.0,0.0
,,SG1,9205,2260601,CURSOS FORMACIÓN INTERNA S.-RRHH,4000.0,0.0,4000.0,0.0,0.0,0.0,0.0,0.0,0.0,4000.0,0.0,0.0,0.0,0.0
,,SG5,1300,2269901,ALTRES DESPESES VÀRIES.- POLICIA,20000.0,0.0,20000.0,1000.0,8533.43,8533.43,8533.43,8306.96,8231.18,10466.57,1000.0,0.0,0.0,226.47
,,CM2,1511,2269901,ALTRES DESPESES VÀRIES.- URBANISME,4500.0,0.0,4500.0,4293.04,206.96,538.18,538.18,538.18,538.18,0.0,3961.82,0.0,0.0,0.0
,,CM2,1512,2269901,ALTRES DESPESES VÀRIES - OBRA PUBLICA,0.0,0.0,0.0,0.0,0.0,0.0,0.0,0.0,0.0,0.0,0.0,0.0,0.0,0.0
,,SP1,1522,2269901,ALTRES DESPESES.- HABITATGE,15000.0,0.0,15000.0,15000.0,0.0,3393.41,3393.41,2828.93,2809.45,0.0,11606.59,0.0,0.0,564.48
,,CM1,1621,2269901,ALTRES DESPESES VARIES.-RSU,15000.0,0.0,15000.0,15000.0,1103.52,4932.07,4932.07,3245.22,3245.22,-1103.52,11171.45,0.0,0.0,1686.85
,,SP1,1640,2269901,ALTRES DESPESES VÀRIES.- SANITAT,1600.0,0.0,1600.0,1600.0,0.0,100.07,100.07,100.07,100.07,0.0,1499.93,0.0,0.0,0.0
,,CM1,1700,2269901,ALTRES DESPESES VÀRIES.- RECURSOS I SOSTENIBILITAT,15000.0,0.0,15000.0,15000.0,30.25,6637.76,3249.76,30.25,30.25,-30.25,8392.49,0.0,3388.0,3219.51
,,CM1,1711,2269901,ALTRES DESPESES VARIES.- MICROCIUTAT,85000.0,0.0,85000.0,85000.0,630.86,50426.64,30011.52,30011.52,29429.06,-630.86,35204.22,0.0,20415.12,0.0
,,CM1,1719,2269901,ALTRES DESPESES VÀRIES- EDIFICIS MUNICIPALS,8000.0,0.0,8000.0,7681.9,318.1,451.2,318.1,318.1,318.1,0.0,7548.8,0.0,133.1,0.0
,,CM6,1721,2269901,ALTRES DESPESES VARIES.-MEDI AMBIENT,35000.0,0.0,35000.0,35000.0,0.0,13829.25,13829.25,3087.49,2895.49,0.0,21170.75,0.0,0.0,10741.76
,,SP1,2310,2269901,ALTRES DESPESES VÀRIES.- ATENCIO PRIMÀRIA,50000.0,0.0,50000.0,49882.39,117.61,25589.1,25589.1,19960.5,15870.18,0.0,22010.9,2400.0,0.0,5628.6
,,SP1,2311,2269901,ALTRES DESPESES VÀRIES.- R.G.A.,3000.0,0.0,3000.0,3000.0,0.0,708.28,708.28,708.28,508.2,0.0,291.72,2000.0,0.0,0.0
,,SG8,2410,2269901,ALTRES DESPESES VARIES.-FOR. OCUPACIO CURSOS,100000.0,-11358.61,88641.39,30842.68,18657.53,26360.81,26360.81,21595.81,19773.93,39141.18,23139.4,0.0,0.0,4765.0
,,SP1,3230,2269901,ALTRES DESPESES VARIES.-EDUCACIO,63500.0,25000.0,88500.0,68510.0,235.73,56877.17,56577.17,53647.01,53647.01,19754.27,11868.56,0.0,300.0,2930.16
,,SP1,3231,2269901,ALTRES DESPESES VÀRIES - EDUCACIÓ 0-3,90000.0,0.0,90000.0,90000.0,148.14,31404.02,31404.02,31404.02,31404.02,-148.14,58744.12,0.0,0.0,0.0
,,SP1,3260,2269901,ALTRES DESPESES VARIES.-ESC. MUNICIP.,8500.0,0.0,8500.0,8500.0,0.0,6836.52,6836.52,6836.52,6836.52,0.0,1263.48,400.0,0.0,0.0
,,SP3,3322,2269901,ALTRES DESPESES VARIES.-ARXIU,20000.0,0.0,20000.0,20000.0,0.0,5843.94,5843.94,3559.46,3559.46,0.0,14156.06,0.0,0.0,2284.48
,,SP3,3341,2269901,ALTRES DESPESES VÀRIES-CENTRE CA N'OLIVER,0.0,0.0,0.0,0.0,0.0,0.0,0.0,0.0,0.0,0.0,0.0,0.0,0.0,0.0
,,SP3,3344,2269901,ALTRES DESPESES VARIES.-PROMO. CULT.,50000.0,0.0,50000.0,49570.85,429.15,24499.94,24499.94,23366.84,12638.6,0.0,22500.06,3000.0,0.0,1133.1
,,SP3,3346,2269901,ALTRES DESPESES VÀRIES.- POLITICA LINGÜISTICA,10000.0,0.0,10000.0,0.0,0.0,0.0,0.0,0.0,0.0,10000.0,0.0,0.0,0.0,0.0
,,SP3,3370,2269901,ALTRES DESPESES VARIES.-OCI I TEMPS LLIURE,30000.0,0.0,30000.0,30000.0,122.21,19732.56,19732.56,16050.01,15838.26,-122.21,10389.65,0.0,0.0,3682.55
,,SP3,3380,2269901,FESTES POPULARS.-FESTES,221000.0,-2500.0,218500.0,217043.75,1380.33,59961.83,44237.88,44237.88,43246.62,75.92,157962.25,500.0,15723.95,0.0
,,SP3,3400,2269901,ALTRES DESPESES VÀRIES.- ESPORTS,15000.0,8000.0,23000.0,22982.45,474.93,21829.24,21829.24,19746.24,19746.24,-457.38,1328.14,300.0,0.0,2083.0
,,SG8,4310,2269901,ALTRES DESPESES VÀRIES - COMERÇ,25000.0,0.0,25000.0,1000.0,7522.48,7522.48,7522.48,6738.38,5968.26,16477.52,1000.0,0.0,0.0,784.1
,,SG8,4312,2269901,ALTRES DESPESES VARIES.- PEIXATERIA,20000.0,0.0,20000.0,0.0,2973.88,2973.88,2973.88,1562.31,1562.31,17026.12,0.0,0.0,0.0,1411.57
,,SG8,4320,2269901,ALTRES DESPESES VÀRIES -TURISME,33000.0,0.0,33000.0,0.0,6487.05,6487.05,6487.05,6487.05,6272.88,26512.95,0.0,0.0,0.0,0.0
,,SG1,9120,2269901,ALTRES DESPESES VÀRIES.- ORG GOVERN,15000.0,0.0,15000.0,1500.0,47149.98,47149.98,47149.98,45799.86,45681.63,-33649.98,1500.0,0.0,0.0,1350.12
,,SG1,9202,2269901,ALTRES DESPESES VARIES.-SECRETARIA,4800.0,0.0,4800.0,0.0,312.0,312.0,312.0,312.0,312.0,4488.0,0.0,0.0,0.0,0.0
,,SG1,9203,2269901,ALTRES DESPESES VARIES.- CONTRACTACIÓ,2000.0,0.0,2000.0,0.0,0.0,0.0,0.0,0.0,0.0,2000.0,0.0,0.0,0.0,0.0
,,SG1,9205,2269901,ALTRES DESPESES VARIES.-RRHH,12405.0,0.0,12405.0,0.0,209.09,209.09,209.09,0.0,0.0,12195.91,0.0,0.0,0.0,209.09
,,SG4,9206,2269901,ALTRES DESPESES VARIES.- INFORMATICA,5000.0,0.0,5000.0,4854.46,145.54,4317.28,4317.28,4317.28,4317.28,0.0,682.72,0.0,0.0,0.0
,,SG1,9250,2269901,ALTRES DESPESES VARIES.-OAC,1000.0,0.0,1000.0,0.0,8.5,8.5,8.5,8.5,8.5,991.5,0.0,0.0,0.0,0.0
,,SG1,9260,2269901,ALTRES DESPESES VÀRIES.- COMUNICACIÓ,25000.0,0.0,25000.0,0.0,5086.57,5086.57,5086.57,5086.57,5086.57,19913.43,0.0,0.0,0.0,0.0
,,SG4,9311,2269901,ALTRES DESPESES VARIES.-GESTIÓ  PRES.,1000.0,0.0,1000.0,927.12,72.88,267.33,267.33,267.33,267.33,0.0,732.67,0.0,0.0,0.0
,,SG4,9340,2269901,ALTRES DESPESES VARIES.- G. FINANCERA,5000.0,0.0,5000.0,5000.0,0.0,380.0,380.0,380.0,380.0,0.0,4620.0,0.0,0.0,0.0
,,SG5,1300,2269902,DESPESES PROTECCIO CIVIL POLICIA,10000.0,0.0,10000.0,0.0,1433.99,1433.99,1433.99,934.09,784.86,8566.01,0.0,0.0,0.0,499.9
,,SP1,2310,2269902,ALTRES DESPESES VARIES.- MEDIACIÓ SOC.,20000.0,0.0,20000.0,20000.0,0.0,9897.84,9897.84,9897.84,9897.84,0.0,10102.16,0.0,0.0,0.0
,,SP3,3341,2269902,ALTRES DESPESES VÀRIES.- CENTRE ART HDEZ SANZ,20000.0,0.0,20000.0,20000.0,0.0,10147.2,10147.2,9966.33,9966.33,0.0,9852.8,0.0,0.0,180.87
,,CM1,1711,2270001,CONTR. SERVEI DE NETEJA EDIFICIS.- MICROCIUTAT,850000.0,136269.0,986269.0,0.0,411395.33,411395.33,411395.33,275126.97,204504.18,574873.67,0.0,0.0,0.0,136268.36
,,SG4,9340,2270401,DESPESES CUSTODIA I MANTENIMENT C/C,20000.0,0.0,20000.0,12129.88,7867.12,8940.33,8940.33,8940.33,8940.33,3.0,11056.67,0.0,0.0,0.0
,,SG5,1300,2270601,CONTR.SERV.ESTUD.TREB.TEC.- POLICIA,40000.0,0.0,40000.0,0.0,121160.35,121160.35,118760.31,118760.31,118760.31,-81160.35,0.0,0.0,2400.04,0.0
,,CM2,1511,2270601,CONTR.SERV.ESTUD.TREB.TEC.- URBANISME,90000.0,45972.77,135972.77,68253.01,80727.26,62727.27,34754.49,13007.5,13007.5,-13007.5,68253.01,17999.99,27972.78,21746.99
,,CM2,1512,2270601,CONTR.SERV.ESTUD.TREB.TEC.- OBRA PÚB.,40000.0,17213.73,57213.73,0.0,42255.77,42255.77,13547.04,13547.04,13547.04,14957.96,0.0,0.0,28708.73,0.0
,,CM1,1610,2270601,CONTR.SERV.ESTUD.TRAB.TEC..- AIGUA I SANEJAMENT,25000.0,4023.25,29023.25,25000.0,4023.25,8457.9,8457.9,8457.9,8457.9,0.0,16542.1,4023.25,0.0,0.0
,,CM1,1710,2270601,CONTR.SERV.ESTUD.TRAB.TEC.PARCS I JARDINS,385000.0,0.0,385000.0,385000.0,0.0,257952.87,60776.57,58887.76,58887.76,0.0,127047.13,0.0,197176.3,1888.81
,,CM1,1711,2270601,CONTR.SERV.ESTUD.TREB.TEC.-  MICROCIUTAT,12000.0,0.0,12000.0,12000.0,0.0,2779.29,2779.29,2779.29,2779.29,0.0,9220.71,0.0,0.0,0.0
,,SP1,2310,2270601,CONTR.SERV.ESTUD.TRAB.TEC.- ATENCIÓ PRIMÀRIA,35600.0,0.0,35600.0,35600.0,0.0,1046.0,1046.0,1046.0,0.0,0.0,34554.0,0.0,0.0,0.0
,,SP3,3322,2270601,CONTR.SERV.ESTUD.TREB.TEC.- ARXIU,6600.0,0.0,6600.0,6600.0,0.0,5414.75,5414.75,5414.75,5414.75,0.0,1185.25,0.0,0.0,0.0
,,SP3,3341,2270601,CENTRE HDEZ SANZ -.- RESTAURACIÓ BÉNS,0.0,0.0,0.0,0.0,0.0,0.0,0.0,0.0,0.0,0.0,0.0,0.0,0.0,0.0
,,SP3,3344,2270601,CONTR.SERV.ESTUD.TRAB.TEC.- PROMOCIÓ CULTURAL,0.0,0.0,0.0,0.0,0.0,0.0,0.0,0.0,0.0,0.0,0.0,0.0,0.0,0.0
,,SP3,3400,2270601,CONTR.SERV.ESTUD.TREB.TEC.- ESPORTS,0.0,2722.5,2722.5,0.0,2722.5,2722.5,0.0,0.0,0.0,0.0,0.0,0.0,2722.5,0.0
,,SG8,4310,2270601,CONTR.SERV.ESTUD.TREB.TEC.- COMERÇ,55000.0,0.0,55000.0,0.0,11814.75,11814.75,440.75,0.0,0.0,43185.25,0.0,0.0,11374.0,440.75
,,SG8,4312,2270601,CONTR.SERV.ESTUD.TRAB.TEC.- ASSENTADORS  MERCATS,18000.0,0.0,18000.0,0.0,18782.53,18782.53,2791.47,1898.2,1898.2,-782.53,0.0,0.0,15991.06,893.27
,,SG8,4320,2270601,CONTR.SERV.ESTUD.TREB.TEC.- TURISME,18000.0,-15960.21,2039.79,0.0,6358.53,6358.53,1078.53,0.0,0.0,-4318.74,0.0,0.0,5280.0,1078.53
,,SG1,9120,2270601,CONTR.SERV.ESTUD.TRAB.TEC.- ORG. GOVERN,21000.0,0.0,21000.0,0.0,8396.19,8396.19,8396.19,8396.19,8396.19,12603.81,0.0,0.0,0.0,0.0
,,SG1,9202,2270601,CONTR.SERV.ESTUD.TREB.TEC.- SECRETARIA,12000.0,0.0,12000.0,0.0,0.0,0.0,0.0,0.0,0.0,12000.0,0.0,0.0,0.0,0.0
,,SG1,9205,2270601,CONTR.SERV.ESTUD.TREB.TEC.- RRHH,25000.0,0.0,25000.0,0.0,0.0,0.0,0.0,0.0,0.0,25000.0,0.0,0.0,0.0,0.0
,,SG4,9206,2270601,CONTR.SERV.ESTUD.TREB.TEC.- INFORMATI.,185000.0,0.0,185000.0,170225.7,14774.3,75736.53,75736.53,75736.53,75710.33,0.0,109263.47,0.0,0.0,0.0
,,SG1,9260,2270601,CONTR.SERV.ESTUD.TREB.TEC.-COMUNICAC.,25000.0,0.0,25000.0,0.0,1815.0,1815.0,1815.0,1815.0,1815.0,23185.0,0.0,0.0,0.0,0.0
,,SG4,9311,2270601,CONTR.SERV.ESTUD.TRAB.TEC..- GESTIÓ PRESSUPOSTÀRIA,0.0,30250.0,30250.0,0.0,30250.0,30250.0,0.0,0.0,0.0,0.0,0.0,0.0,30250.0,0.0
,,SG4,9340,2270601,CONTR.SERV.ESTUD.TREB.TEC.- TRESORERIA-RECAPTACIÓ,808753.0,196273.0,1005026.0,764708.18,44044.82,278761.88,278761.88,224860.03,181629.39,196273.0,529991.12,0.0,0.0,53901.85
,,SG5,1300,2270602,CONTR.SERV.GRUA- POLICIA,25000.0,0.0,25000.0,18750.0,13450.36,13450.36,13450.36,11902.77,11902.77,-7200.36,18750.0,0.0,0.0,1547.59
,,SG1,9205,2270602,CONTR.SERV. - RRHH.,1000.0,0.0,1000.0,0.0,0.0,0.0,0.0,0.0,0.0,1000.0,0.0,0.0,0.0,0.0
,,SG5,1300,2270603,CONTRACT. SERVEIS.- CÀMERES DE VIGILÀNCIA,0.0,54725.55,54725.55,0.0,54725.55,54725.55,0.0,0.0,0.0,0.0,0.0,0.0,54725.55,0.0
,,SG5,1300,2279901,CONTR.SERV.CONCESSIONS.-POLICIA,450000.0,0.0,450000.0,0.0,0.0,0.0,0.0,0.0,0.0,450000.0,0.0,0.0,0.0,0.0
,,CM2,1511,2279901,CONTRACTACIO SERVEIS URBANISME,18000.0,0.0,18000.0,16123.77,1876.23,15477.33,2977.33,2977.33,2977.33,0.0,2522.67,0.0,12500.0,0.0
,,SP1,1522,2279901,CONTRACT SERVEIS.- HABITATGE,6000.0,0.0,6000.0,6000.0,0.0,0.0,0.0,0.0,0.0,0.0,6000.0,0.0,0.0,0.0
,,CM1,1610,2279901,CONTR.SERV.CONCESSIONS.-AIGUA I SANEJ.,1865000.0,0.0,1865000.0,0.0,0.0,0.0,0.0,0.0,0.0,1865000.0,0.0,0.0,0.0,0.0
,,CM1,1621,2279901,ALTRES TREBALLS PER ALTRES.- RSU,2620000.0,0.0,2620000.0,2620000.0,215535.57,1124699.13,1091334.15,868987.42,868987.42,-215535.57,1710836.44,0.0,33364.98,222346.73
,,SP1,1640,2279901,CONTR.SERV. CONCESSIONS.-CEMENTERIS,300000.0,0.0,300000.0,0.0,56710.44,56710.44,56710.44,56710.44,56710.44,243289.56,0.0,0.0,0.0,0.0
,,CM1,1700,2279901,ALTRES TREBALLS .- RECURSOS I SOSTENIBILITAT,65000.0,0.0,65000.0,65000.0,0.0,20943.91,4185.4,4034.15,4034.15,0.0,44056.09,0.0,16758.51,151.25
,,CM6,1721,2279901,CONTR.SERV. ALTRES.- MEDI AMBIENT,150000.0,-62238.31,87761.69,65575.25,17354.44,68341.62,17746.74,5118.2,5118.2,4832.0,14229.59,358.48,50594.88,12628.54
,,SP1,2310,2279901,CONTRACT. SERV. ALTRES.- ATENCIÓ PRIMÀRIA,250000.0,0.0,250000.0,250000.0,19753.58,116556.06,116556.06,97383.26,97383.26,-19753.58,13457.9,139739.62,0.0,19172.8
,,SP1,2311,2279901,CONTRACT. ALTRES.- R.G.A,70000.0,0.0,70000.0,64242.23,0.0,22552.12,22552.12,22552.12,20104.1,5757.77,41690.11,0.0,0.0,0.0
,,SP1,3230,2279901,CONTRA.SERVEIS-EDUCACIÓ,0.0,0.0,0.0,0.0,17990.0,17990.0,5996.67,5996.67,5996.67,-17990.0,0.0,0.0,11993.33,0.0
,,SP3,3341,2279901,CONTR.SERV.SERV.EST.TREB.TEC-ARCH/PAT OLIVER,25000.0,9034.45,34034.45,31677.37,5041.7,17389.75,15032.67,10737.17,10737.17,-2684.62,19329.32,0.0,2357.08,4295.5
,,SP3,3370,2279901,CONTR.SERV.ALTRES.-JUVENTUT CONCERTS,2000.0,0.0,2000.0,2000.0,0.0,0.0,0.0,0.0,0.0,0.0,2000.0,0.0,0.0,0.0
,,CM2,1511,2279902,CONTR.SERV. ALTRES.- EXECUCIONS SUBSIDIÀRIES,60000.0,0.0,60000.0,0.0,0.0,0.0,0.0,0.0,0.0,60000.0,0.0,0.0,0.0,0.0
,,CM1,1621,2279902,CONTR.SERV. ALTRES.- RSU,85000.0,0.0,85000.0,85000.0,0.0,41750.56,41750.56,25452.32,25452.32,0.0,43249.44,0.0,0.0,16298.24
,,SP1,1640,2279902,CONTR.SERV. CONCES.-CEMENT.- RET. CON,226025.0,0.0,226025.0,0.0,0.0,0.0,0.0,0.0,0.0,226025.0,0.0,0.0,0.0,0.0
,,SP1,2310,2279902,CONTR.SERV. ALTRES.- MEDIACIÒ SOCIAL,100000.0,0.0,100000.0,100000.0,0.0,0.0,0.0,0.0,0.0,0.0,100000.0,0.0,0.0,0.0
,,SP3,3341,2279902,SERV SEGURETAT .- CENTRE ART HDEZ  SANZ,55000.0,0.0,55000.0,55000.0,0.0,24281.42,24281.42,19589.97,19589.97,0.0,30718.58,0.0,0.0,4691.45
,,SG1,9120,2300001,DIETES CARRECS ELECTES.-ORG. GOVERN,2500.0,0.0,2500.0,0.0,0.0,0.0,0.0,0.0,0.0,2500.0,0.0,0.0,0.0,0.0
,,SG1,9205,2302001,DIETES PERSONAL.-RECURSOS HUMANS,2000.0,0.0,2000.0,0.0,1084.8,1084.8,1084.8,949.2,949.2,915.2,0.0,0.0,0.0,135.6
,,CM6,1721,2310001,LOCOMOCIO-SOCORRISTES,0.0,1281.65,1281.65,0.0,0.0,0.0,0.0,0.0,0.0,1281.65,0.0,0.0,0.0,0.0
,,SG1,9120,2310001,LOCOMOCIO.-ORG. GOVERN,3000.0,0.0,3000.0,0.0,810.36,810.36,810.36,810.36,810.36,2189.64,0.0,0.0,0.0,0.0
,,SG1,9205,2310001,LOCOMOCIO,3000.0,0.0,3000.0,842.5,2832.5,3674.0,3674.0,3195.96,2456.95,-675.0,1.0,0.0,0.0,478.04
,,SG4,0110,3101101,INTERESSOS.  LC - OPERACIÓ DE TRESORERIA,10000.0,0.0,10000.0,0.0,0.0,0.0,0.0,0.0,0.0,10000.0,0.0,0.0,0.0,0.0
,,SG4,0110,3101801,PRESTEC INVERSIONS 2002,0.0,0.0,0.0,0.0,0.0,0.0,0.0,0.0,0.0,0.0,0.0,0.0,0.0,0.0
,,SG4,0110,3101901,INT. PREST 2003  LC -  INVERS - Nº 30584029822,5256.0,0.0,5256.0,0.0,3010.24,3010.24,3010.24,3010.24,3010.24,2245.76,0.0,0.0,0.0,0.0
,,SG4,0110,3102001,INT.  PREST 2004  BBVA INVERSIONS 974 04357000,31193.0,0.0,31193.0,0.0,18174.35,18174.35,18174.35,18174.35,18174.35,13018.65,0.0,0.0,0.0,0.0
,,SG4,0110,3102101,INT.  PREST 2005 BBVA INVERSIONS 974 05137023,19991.0,0.0,19991.0,0.0,11405.33,11405.33,11405.33,11405.33,11405.33,8585.67,0.0,0.0,0.0,0.0
,,SG4,0110,3102201,INT. PREST2006 BBVA 974-06183571,43101.0,0.0,43101.0,0.0,22632.07,22632.07,22632.07,22632.07,22632.07,20468.93,0.0,0.0,0.0,0.0
,,SG4,0110,3102501,INTERESSOS  PRESTEC INVERSIONS 2007 - LC,170.0,0.0,170.0,0.0,0.0,0.0,0.0,0.0,0.0,170.0,0.0,0.0,0.0,0.0
,,SG4,0110,3102502,INTERESSOS  PRESTEC INVERSIONS 2007 - BBVA,1009.0,0.0,1009.0,0.0,0.0,0.0,0.0,0.0,0.0,1009.0,0.0,0.0,0.0,0.0
,,SG4,0110,3102601,INTERESSOS PRESTEC 2008,0.0,0.0,0.0,0.0,0.0,0.0,0.0,0.0,0.0,0.0,0.0,0.0,0.0,0.0
,,SG4,0110,3102701,INT. PREST 2009 BBVA,62166.0,0.0,62166.0,0.0,32852.28,32852.28,32852.28,32852.28,32852.28,29313.72,0.0,0.0,0.0,0.0
,,SG4,0110,3102801,INT. PREST 2010 CAJA MADRID,6007.0,0.0,6007.0,0.0,2737.78,2737.78,2737.78,2737.78,2737.78,3269.22,0.0,0.0,0.0,0.0
,,SG4,0110,3103101,INTERESSOS PRESTEC 2014,25000.0,0.0,25000.0,0.0,0.0,0.0,0.0,0.0,0.0,25000.0,0.0,0.0,0.0,0.0
,,SG4,0110,3103301,INT. AVAL DAVANT LA CAIB,3000.0,0.0,3000.0,0.0,0.0,0.0,0.0,0.0,0.0,3000.0,0.0,0.0,0.0,0.0
,,SG4,9340,3520001,INTERESSOS DEMORA RETARD PAGAMENTS,100000.0,0.0,100000.0,0.0,0.0,0.0,0.0,0.0,0.0,100000.0,0.0,0.0,0.0,0.0
,,SG8,2410,4500001,DEVOLUCIÓN IMPORTES SOIB A LA CAIB,0.0,0.0,0.0,0.0,0.0,0.0,0.0,0.0,0.0,0.0,0.0,0.0,0.0,0.0
,,SG5,1300,4610111,TRANSF. AL CIMe.- POLICIA.- SERV. EXTINCIÓ INCENDIS,385000.0,0.0,385000.0,0.0,320912.09,320912.09,320912.09,320912.09,320912.09,64087.91,0.0,0.0,0.0,0.0
,,SP1,2310,4610111,TRANSF. AL CIME DEV. AJUDES ECONÒMIQUES GENT GRAN I DISCAPAC,0.0,0.0,0.0,0.0,0.0,0.0,0.0,0.0,0.0,0.0,0.0,0.0,0.0,0.0
,,SP1,2311,4610111,TRANSF. AL CIMe.- RGA - ACTIVITAT PERSONES MAJORS,7300.0,8640.0,15940.0,7300.0,0.0,7300.0,0.0,0.0,0.0,8640.0,0.0,0.0,7300.0,0.0
,,SP1,3110,4610111,TRANSF. AL CIMe.- CONVENI ALBERG ANIMALS,17500.0,0.0,17500.0,0.0,17971.3,17971.3,17971.3,17971.3,17971.3,-471.3,0.0,0.0,0.0,0.0
,,SP1,3230,4610111,TRANSF. AL CIMe.- EDUCACIÓ (PERSONES ADULTES),14700.0,0.0,14700.0,0.0,14700.0,14700.0,0.0,0.0,0.0,0.0,0.0,0.0,14700.0,0.0
,,SP3,3400,4610111,TRANSF. AL CIMe.- ISLAND GAMES,1500.0,12600.0,14100.0,1500.0,12600.0,12600.0,0.0,0.0,0.0,0.0,1500.0,0.0,12600.0,0.0
,,SG1,9205,4610111,TRANSF. AL CIMe- CONVENI SERVEI DE PREVENCIÓ,32000.0,0.0,32000.0,0.0,27566.96,27566.96,27566.96,0.0,0.0,4433.04,0.0,0.0,0.0,27566.96
,,SP1,3230,4610112,TRANSF. AL CIMe -CONVENIO CIM AT. EDUCATIVA INFANTIL,43400.0,1575.82,44975.82,0.0,44975.82,44975.82,0.0,0.0,0.0,0.0,0.0,0.0,44975.82,0.0
,,SP1,3230,4610211,TRANSF. AL CIMe - UNIV. OBERTA MAJORS,3400.0,0.0,3400.0,0.0,3400.0,3400.0,0.0,0.0,0.0,0.0,0.0,0.0,3400.0,0.0
,,SP3,3344,4610211,CIMe - CAMPANYA MONUMENTS ARQUEOLÒGICS,8000.0,0.0,8000.0,0.0,7900.0,7900.0,7900.0,7900.0,7900.0,100.0,0.0,0.0,0.0,0.0
,,CM6,1721,4610311,CIMe.- CONVENI PLATGES 2010-2017,100000.0,0.0,100000.0,100000.0,0.0,84269.4,84269.4,84269.4,84269.4,0.0,15730.6,0.0,0.0,0.0
,,SP1,3230,4610311,IME - ORGANITZACIÓ UIMIR,35000.0,0.0,35000.0,0.0,35000.0,35000.0,0.0,0.0,0.0,0.0,0.0,0.0,35000.0,0.0
,,CM1,1532,4610411,CIMe.- CAMINS RURALS,28115.0,4685.8,32800.8,28115.0,4685.8,17834.84,13149.04,13149.04,13149.04,0.0,14965.96,0.0,4685.8,0.0
,,SG5,1300,4620111,TRANSF. A AJUNTAMENTS.- COL.LABORACIÓ POLICIES LOCALS,6000.0,0.0,6000.0,0.0,547.76,547.76,547.76,547.76,547.76,5452.24,0.0,0.0,0.0,0.0
,,SG1,9120,4670001,TRANSF. A CONSORCIS.- MILITAR LA MOLA,15000.0,0.0,15000.0,0.0,15000.0,15000.0,15000.0,15000.0,15000.0,0.0,0.0,0.0,0.0,0.0
,,CM1,1621,4670111,TRANSF. A CONSORCI R.S.U.- TRACTAMENT RESIDUS,470500.0,27262.0,497762.0,443238.32,27261.68,183050.02,183050.02,131522.51,131522.51,27262.0,287449.98,0.0,0.0,51527.51
,,SP3,3400,4670111,TRANSF. A CONSORCI PAVELLÓ BINTAUFA,61800.0,0.0,61800.0,61800.0,0.0,55591.72,55591.72,55591.72,0.0,0.0,6208.28,0.0,0.0,0.0
,,CM2,1511,4670211,TRANSF. A CONSORCIS.- PENYASSEGAT PORT DE MAO,7000.0,0.0,7000.0,0.0,5651.06,5651.06,5651.06,5651.06,5651.06,1348.94,0.0,0.0,0.0,0.0
,,CM1,1621,4670211,TRANSF. A CONSORCIS.- CRSU - DEIXALLERIES MAÓ,225000.0,0.0,225000.0,225000.0,0.0,52031.08,52031.08,44198.82,44198.82,0.0,172968.92,0.0,0.0,7832.26
,,SP3,3344,4670211,CONSORCI MUSEU MILITAR DE MENORCA,15000.0,0.0,15000.0,0.0,0.0,0.0,0.0,0.0,0.0,15000.0,0.0,0.0,0.0,0.0
,,SP1,2310,4800111,AJUTS ECONÒMICS INDIVIDUALS D'EMERGÈNCIA,323000.0,32071.5,355071.5,354871.5,186.9,100173.69,100173.69,97759.34,94715.72,13.1,254884.71,0.0,0.0,2414.35
,,SP1,3230,4800111,TRANSF. A ALTRES ENS.- UNED,3000.0,0.0,3000.0,0.0,3000.0,3000.0,0.0,0.0,0.0,0.0,0.0,0.0,3000.0,0.0
,,CM6,1721,4800114,SUBV. NOMINATIVES- MEDI AMBIENT,8000.0,7000.0,15000.0,8000.0,7000.0,13000.0,6000.0,6000.0,6000.0,0.0,2000.0,0.0,7000.0,0.0
,,SP1,2310,4800114,TRANSF. NOMINATIVES A ENTITATS.- ACCIONS SOCIALS,136300.0,2100.0,138400.0,0.0,138400.0,138400.0,81750.0,81750.0,81750.0,0.0,0.0,0.0,56650.0,0.0
,,SP1,3230,4800114,SUBV. NOMINATIVES- EDUCACIÓ,31500.0,-25000.0,6500.0,0.0,0.0,0.0,0.0,0.0,0.0,6500.0,0.0,0.0,0.0,0.0
,,SP3,3344,4800114,SUBV. NOMINATIVES- CULTURA,110400.0,0.0,110400.0,0.0,57000.0,57000.0,14250.0,14250.0,14250.0,53400.0,0.0,0.0,42750.0,0.0
,,SP3,3400,4800114,SUBV. NOMINATIVES- ESPORTS,107150.0,22750.0,129900.0,0.0,59250.0,59250.0,2500.0,2500.0,2500.0,70650.0,0.0,0.0,56750.0,0.0
,,SG8,4310,4800114,SUBV. NOMINATIVES,10000.0,0.0,10000.0,0.0,10000.0,10000.0,0.0,0.0,0.0,0.0,0.0,0.0,10000.0,0.0
,,SG1,9120,4800114,SUBV. NOMINATIVES- PARTICIPACIÓ CIUTADANA,29900.0,20800.0,50700.0,0.0,20800.0,20800.0,2800.0,2800.0,2800.0,29900.0,0.0,0.0,18000.0,0.0
,,SG8,4310,4800214,SUBV. EXCEPCIONALS.- PROMOCIÓ ECONOMICA,0.0,2000.0,2000.0,0.0,2000.0,2000.0,2000.0,2000.0,2000.0,0.0,0.0,0.0,0.0,0.0
,,SP3,3344,4800311,PREMIS DE CONCURS - CULTURA,6000.0,2500.0,8500.0,8250.0,250.0,5925.0,5925.0,5925.0,5600.0,0.0,2250.0,325.0,0.0,0.0
,,SP1,2310,4800401,TRANSF. A FUND. DISCAPACITATS- ATENCIÓ PRIMÀRIA,22000.0,0.0,22000.0,0.0,22000.0,22000.0,22000.0,22000.0,22000.0,0.0,0.0,0.0,0.0,0.0
,,SP1,3231,4800401,CONVENI COOP. ESCOLES INFANTILS,1260000.0,0.0,1260000.0,0.0,1260000.0,1260000.0,562500.0,562500.0,562500.0,0.0,0.0,0.0,697500.0,0.0
,,SP3,3344,4800401,TRANSF. FUND. AMIGOS DE LA OPERA,20000.0,0.0,20000.0,0.0,20000.0,20000.0,20000.0,20000.0,20000.0,0.0,0.0,0.0,0.0,0.0
,,SP3,3344,4800402,FUND. TEATRO PRAL- PROM. CULTURAL,367000.0,0.0,367000.0,0.0,367000.0,367000.0,183509.98,183509.98,183509.98,0.0,0.0,0.0,183490.02,0.0
,,SP3,3344,4820001,SUBV. EXCEPCIONALS.- CULTURA,0.0,0.0,0.0,0.0,0.0,0.0,0.0,0.0,0.0,0.0,0.0,0.0,0.0,0.0
,,SG1,9120,4890111,TRANSFERÈNCIES A GRUPS MUNICIPALS,55000.0,0.0,55000.0,0.0,25468.68,25468.68,25468.68,25468.68,25468.68,29531.32,0.0,0.0,0.0,0.0
,,SG4,9290,5000000,FONS DE CONTINGENCIA,350000.0,-130000.0,220000.0,0.0,0.0,0.0,0.0,0.0,0.0,220000.0,0.0,0.0,0.0,0.0
,,CM1,1610,6090117,IFS 2017 CIMe - OBRA SANEJAMENT A CALA LLONGA,0.0,1643530.0,1643530.0,0.0,1643530.0,1007314.63,0.0,0.0,0.0,0.0,0.0,636215.37,1007314.63,0.0
,,CM1,1610,6110002,PLANTA DESNITRIFICADORA,624916.0,0.0,624916.0,0.0,624916.0,0.0,0.0,0.0,0.0,0.0,0.0,624916.0,0.0,0.0
,,SG8,4320,6120111,MILLORES CENTRE HISTÒRIC,12000.0,9500.0,21500.0,0.0,31000.0,19000.0,9500.0,9500.0,9500.0,-9500.0,0.0,12000.0,9500.0,0.0
,,SG8,4310,6120211,INVERSIONS COMERÇ LOCAL,17200.0,0.0,17200.0,0.0,0.0,0.0,0.0,0.0,0.0,17200.0,0.0,0.0,0.0,0.0
,,CM1,1711,6190112,ASFALTATS,100000.0,60412.01,160412.01,88550.0,106357.83,121866.42,61454.41,61454.41,61454.41,-34495.82,73041.41,0.0,60412.01,0.0
,,CM2,1511,6190211,REFORMES  CARRERS,1300000.0,354751.65,1654751.65,0.0,1517483.22,1167844.43,68351.59,68351.59,68351.59,137268.43,0.0,349638.79,1099492.84,0.0
,,CM1,1711,6190211,MILLORES CIUTAT MICROACCIONS,150000.0,0.0,150000.0,150000.0,0.0,115450.68,115450.68,115450.68,115450.68,0.0,24549.32,10000.0,0.0,0.0
,,CM6,1721,6190212,INVERSIONS-MEDI AMBIENT,60000.0,0.0,60000.0,60000.0,0.0,59412.97,0.0,0.0,0.0,0.0,587.03,0.0,59412.97,0.0
,,CM1,1711,6190213,OBRES NOVES A LA XARXA ELÈCTRICA,20000.0,0.0,20000.0,20000.0,0.0,0.0,0.0,0.0,0.0,0.0,20000.0,0.0,0.0,0.0
,,CM1,1711,6190214,XARXA DE CAMINS RURALS,75000.0,0.0,75000.0,75000.0,0.0,13581.91,13581.91,13581.91,13581.91,0.0,61418.09,0.0,0.0,0.0
,,CM2,1511,6190217,IFS 2017 - FONT AIGUA  EDIFICI CALABRIA,0.0,60492.34,60492.34,0.0,60492.34,58227.08,18183.84,18183.84,18183.84,0.0,0.0,2265.26,40043.24,0.0
,,CM1,1610,6190217,IFS 2017.- REFORMA SANEJAMENT I ABASTIMENT AIGUA C/ LA PLANA,0.0,59279.58,59279.58,0.0,59279.58,45154.13,25714.91,0.0,0.0,0.0,0.0,14125.45,19439.22,25714.91
,,SG5,1300,6190311,MOBILITAT,25000.0,0.0,25000.0,0.0,7556.12,7556.12,4652.11,4652.11,4652.11,17443.88,0.0,0.0,2904.01,0.0
,,CM2,1511,6190311,INVERSIO EN VIES PUBLIQUES POIMA,60000.0,58421.38,118421.38,0.0,58421.38,58421.38,0.0,0.0,0.0,60000.0,0.0,0.0,58421.38,0.0
,,CM1,1711,6190311,PARCS INFANTILS,60000.0,0.0,60000.0,60000.0,0.0,19637.34,19637.34,19637.34,19637.34,0.0,40362.66,0.0,0.0,0.0
,,CM2,1511,6190313,DESENVOLUPAMENT URBA SOSTENIBLE,20000.0,0.0,20000.0,20000.0,0.0,0.0,0.0,0.0,0.0,0.0,20000.0,0.0,0.0,0.0
,,CM2,1511,6190317,IFS 2017- TANCAMENT ZONA VERDA SA PUNTA,0.0,52000.0,52000.0,0.0,52000.0,51980.39,0.0,0.0,0.0,0.0,0.0,19.61,51980.39,0.0
,,CM1,1711,6190411,INVERSIO EN CLIMATITZACIÓ,20000.0,6500.88,26500.88,0.0,6500.88,1500.88,0.0,0.0,0.0,20000.0,0.0,5000.0,1500.88,0.0
,,CM2,1511,6190414,REPARACIONS URGENTS PENYA-.SEGAT PORT MAÓ,0.0,0.0,0.0,0.0,0.0,0.0,0.0,0.0,0.0,0.0,0.0,0.0,0.0,0.0
,,CM2,1511,6190417,IFS 2017 - CONSOLIDACIÓ PENYA-SEGAT UA2 ZONA 5 BIS,0.0,759469.0,759469.0,0.0,759469.0,645173.49,370258.31,13299.1,13299.1,0.0,0.0,114295.51,274915.18,356959.21
,,CM2,1511,6190418,IFS 2018 - APARCAMENTS PUBLICS,0.0,423675.0,423675.0,0.0,0.0,0.0,0.0,0.0,0.0,423675.0,0.0,0.0,0.0,0.0
,,CM1,1522,6220111,INVERSIONS.-  REHABILITACIÓ SANT ROC,0.0,0.0,0.0,0.0,0.0,0.0,0.0,0.0,0.0,0.0,0.0,0.0,0.0,0.0
,,CM1,1711,6220111,iNVERSIONS EN EDIFICIS.- OBRA PÚBLICA,50000.0,136046.46,186046.46,98619.35,87427.11,76561.31,1380.65,1380.65,1380.65,0.0,95538.69,13946.46,75180.66,0.0
,,SP1,2311,6220111,INVERSIONS - RGA,0.0,58921.14,58921.14,58921.14,0.0,0.0,0.0,0.0,0.0,0.0,58921.14,0.0,0.0,0.0
,,SP3,3400,6220111,INSTAL.LACIONS ESPORTIVES,70000.0,-24135.77,45864.23,26006.87,7864.23,31433.83,27867.01,27867.01,27867.01,11993.13,2437.27,0.0,3566.82,0.0
,,CM1,1711,6220112,REDACCIÓ PROJECTES OBRA PÚBLICA,51000.0,0.0,51000.0,0.0,0.0,0.0,0.0,0.0,0.0,51000.0,0.0,0.0,0.0,0.0
,,SG8,4312,6220115,INVERSIONS PEIXATERIA,10000.0,16891.14,26891.14,0.0,16891.14,16891.14,9480.35,9480.35,9480.35,10000.0,0.0,0.0,7410.79,0.0
,,SP1,2311,6220117,IFS 2017 - IMPERMEABILITZACIÓ COBERTES RGA,0.0,11367.15,11367.15,0.0,11367.15,0.0,0.0,0.0,0.0,0.0,0.0,11367.15,0.0,0.0
,,SP3,3344,6220117,IFS 2017 - REHABILIT. EDIFICIS.- CULTURA,0.0,8062.96,8062.96,0.0,8062.96,8062.96,0.0,0.0,0.0,0.0,0.0,0.0,8062.96,0.0
,,SP3,3400,6220117,IFS 2017 - INSTAL.LACIONS ESPORTIVES,0.0,618445.51,618445.51,0.0,618445.51,464598.86,0.0,0.0,0.0,0.0,0.0,153846.65,464598.86,0.0
,,CM2,1511,6220211,ILLA DEL REI - REHAB. COBERTA I FAÇANA SUR I PAVIMENTACIÓ P1,0.0,0.0,0.0,0.0,0.0,0.0,0.0,0.0,0.0,0.0,0.0,0.0,0.0,0.0
,,SP1,3260,6220215,INVERSIONS EDIFICI CLAUSTRE,0.0,150214.51,150214.51,0.0,150214.51,135193.06,116715.29,116715.29,116715.29,0.0,0.0,15021.45,18477.77,0.0
,,SP1,2310,6220217,IFS 2017 - REHABILIT. CASA SES MONGES PER AREA ATENC. PRIMAR,0.0,458341.03,458341.03,0.0,458341.03,405631.8,0.0,0.0,0.0,0.0,0.0,52709.23,405631.8,0.0
,,SP3,3400,6220217,IFS CIME- OBRES INSTAL.LACIONS ESPORTIVES,0.0,355000.0,355000.0,81034.07,252140.14,0.0,0.0,0.0,0.0,21825.79,0.0,333174.21,0.0,0.0
,,CM1,1650,6220311,PLA ESTALVI ENERGÈTIC MUNICIPAL,10000.0,0.0,10000.0,0.0,3255.46,3255.46,3255.46,1064.8,1064.8,6744.54,0.0,0.0,0.0,2190.66
,,CM1,1650,6220312,PLAQUES SOLARS FOTOVOLTAIQUES,50000.0,92674.36,142674.36,0.0,119778.36,27104.0,0.0,0.0,0.0,22896.0,0.0,92674.36,27104.0,0.0
,,SP3,3400,6220318,REFORMA PISTA ATLETISME I MATERIAL TÈCNIC,0.0,0.0,0.0,0.0,0.0,0.0,0.0,0.0,0.0,0.0,0.0,0.0,0.0,0.0
,,CM2,1511,6220417,IFS 2017 - INVERSIONS EDIFICI ESTADIÓ AUTOBUSOS,0.0,0.0,0.0,0.0,0.0,0.0,0.0,0.0,0.0,0.0,0.0,0.0,0.0,0.0
,,CM1,1711,6220418,IFS 2018 - COBERTA EDIFICI CONSISTORIAL,0.0,23956.0,23956.0,0.0,0.0,0.0,0.0,0.0,0.0,23956.0,0.0,0.0,0.0,0.0
,,SP1,2311,6220418,IFS 2018 - INVERSIONS RGA,0.0,93582.0,93582.0,0.0,0.0,0.0,0.0,0.0,0.0,93582.0,0.0,0.0,0.0,0.0
,,SP3,3400,6220418,IFS 2018 - VAS PISCINA MUNICIPAL,0.0,468575.0,468575.0,0.0,0.0,0.0,0.0,0.0,0.0,468575.0,0.0,0.0,0.0,0.0
,,SG5,1300,6230111,EQUIPAMENT POLICIA,90500.0,0.0,90500.0,0.0,53865.82,53865.82,20869.57,20869.57,20869.57,36634.18,0.0,0.0,32996.25,0.0
,,SP1,2311,6230111,EQUIPAMENT RGA,18000.0,92603.75,110603.75,45193.75,65410.0,72484.72,1745.46,1745.46,1217.51,0.0,38119.03,0.0,70739.26,0.0
,,SP1,3260,6230111,INSTRUMENTS I ESTRIS ESCOLA MÚSICA,5000.0,0.0,5000.0,5000.0,0.0,2164.35,2164.35,2164.35,2164.35,0.0,2835.65,0.0,0.0,0.0
,,SP3,3300,6230111,EQUIPAMENTS-CULTURA,0.0,4943.88,4943.88,0.0,4943.88,4943.88,0.0,0.0,0.0,0.0,0.0,0.0,4943.88,0.0
,,SG4,9311,6230111,EQUIPAMENT GENERAL,10000.0,0.0,10000.0,0.0,6737.86,6737.86,6651.61,5872.37,5872.37,3262.14,0.0,0.0,86.25,779.24
,,CM1,1610,6230117,IFS 2017 - OBRES DIVERSES EN AIGUA I SANEJAMENT,0.0,303956.02,303956.02,243540.7,60415.32,133344.45,9850.23,0.0,0.0,0.0,120046.48,50565.09,123494.22,9850.23
,,SP1,1640,6230418,IFS 2018 - EQUIPAMENT CEMENTIRI,0.0,27830.0,27830.0,0.0,0.0,0.0,0.0,0.0,0.0,27830.0,0.0,0.0,0.0,0.0
,,CM1,1711,6240111,VEHICLES,0.0,0.0,0.0,0.0,11450.0,11450.0,0.0,0.0,0.0,-11450.0,0.0,0.0,11450.0,0.0
,,SP1,2311,6240111,VEHICLES.- RGA,0.0,45000.0,45000.0,0.0,45000.0,0.0,0.0,0.0,0.0,0.0,0.0,45000.0,0.0,0.0
,,SP3,3400,6240111,VEHICLES.- ESPORTS,0.0,11993.13,11993.13,0.0,22489.87,22489.87,10496.74,10496.74,10496.74,-10496.74,0.0,0.0,11993.13,0.0
,,SG8,2410,6250111,MOBILIARI- FORMACIÓ,0.0,32075.99,32075.99,30000.0,2075.99,9802.99,7727.0,7727.0,7727.0,0.0,22273.0,0.0,2075.99,0.0
,,SP1,3230,6250111,MOBILIARI ESC. INFANTILS DE MAÓ,6000.0,0.0,6000.0,6000.0,0.0,4025.72,3605.82,3605.82,3605.82,0.0,1974.28,0.0,419.9,0.0
,,SG4,9311,6250111,MOBILIARI,20000.0,0.0,20000.0,0.0,7484.28,7484.28,6852.24,6852.24,5782.6,12515.72,0.0,0.0,632.04,0.0
,,SG4,9206,6260111,EQUIPAMENT INFORMATIC,25000.0,21175.0,46175.0,25000.0,21175.0,45394.17,45394.17,45394.17,24219.17,0.0,780.83,0.0,0.0,0.0
,,SG4,9206,6260117,"IFS 2017 - EQUIPAMENT INFORMÀTIC, LLICÈNCIES",0.0,99615.0,99615.0,0.0,99615.0,59675.14,34706.38,34706.38,34706.38,0.0,0.0,39939.86,24968.76,0.0
,,SP1,1640,6260201,MILLORES CEMENTIRI MUNICIPAL,15000.0,0.0,15000.0,15000.0,0.0,0.0,0.0,0.0,0.0,0.0,15000.0,0.0,0.0,0.0
,,SG4,9206,6260418,IFS 2018 - EQUIPAMENT INFORMATIC,0.0,9000.0,9000.0,0.0,0.0,0.0,0.0,0.0,0.0,9000.0,0.0,0.0,0.0,0.0
,,CM1,1610,6270011,INVERSIONS EN RECURSOS I SOSTENIBILITAT,100000.0,0.0,100000.0,100000.0,0.0,0.0,0.0,0.0,0.0,0.0,100000.0,0.0,0.0,0.0
,,SP1,3230,6320111,INVERSIONS EN ESCOLES,40000.0,0.0,40000.0,40000.0,0.0,33934.04,8767.28,379.88,379.88,0.0,6065.96,0.0,25166.76,8387.4
,,SP1,3230,6320214,INVERSIONS QUARTER SANTIAGO - ESCOLA ADULTS,0.0,244132.5,244132.5,0.0,244132.5,244132.5,101940.86,80275.45,80275.45,0.0,0.0,0.0,142191.64,21665.41
,,SP1,3230,6320418,IFS 2018 - INVERSIONS EN ESCOLES,0.0,197465.0,197465.0,0.0,0.0,0.0,0.0,0.0,0.0,197465.0,0.0,0.0,0.0,0.0
,,CM2,1511,6810215,EXPROPIACIÓ TERRENYS MIRADOR DEL CLAUSTRE DEL CARME,0.0,208637.19,208637.19,208637.19,0.0,0.0,0.0,0.0,0.0,0.0,208637.19,0.0,0.0,0.0
,,CM2,1511,7200001,APB - CONVENI ACCESSIBILITAT PORT,413300.0,0.0,413300.0,0.0,0.0,0.0,0.0,0.0,0.0,413300.0,0.0,0.0,0.0,0.0
,,CM1,1610,7510001,ABAQUA - APORTACIO OBRA ABASTIMENT AIGUA LLUMEÇANES,0.0,390000.0,390000.0,390000.0,0.0,0.0,0.0,0.0,0.0,0.0,390000.0,0.0,0.0,0.0
,,SG5,1300,7610411,CIMe.- PLA TERME.- EXTINCIÓ D'INCENDIS,20000.0,0.0,20000.0,0.0,0.0,0.0,0.0,0.0,0.0,20000.0,0.0,0.0,0.0,0.0
,,CM1,1650,7670111,TRANSF. A C.R.S.U.- PLA EFICIÈNCIA ENERGÈTICA,5300.0,1301.0,6601.0,3999.9,1300.1,3900.3,3900.3,1300.1,1300.1,1301.0,1399.7,0.0,0.0,2600.2
,,CM2,1511,7670211,TRANSF. A CONSORCIS.- PENYASSEGAT PORT DE MAÓ,117000.0,0.0,117000.0,0.0,116089.97,116089.97,116089.97,116089.97,116089.97,910.03,0.0,0.0,0.0,0.0
,,SP3,3400,7670311,TRANSF. A CONSORCI BINTAUFA - AMORTITZACIO,237500.0,0.0,237500.0,237500.0,0.0,237500.0,237500.0,237500.0,0.0,0.0,0.0,0.0,0.0,0.0
,,SP3,3400,7700111,U.D. MAHÓN .- NOMINATIVA,70000.0,-70000.0,0.0,0.0,0.0,0.0,0.0,0.0,0.0,0.0,0.0,0.0,0.0,0.0
,,CM1,1610,7700116,HIDROBAL - OBRES ASSUMIDES PER L'AJUNTAMENT,147247.0,0.0,147247.0,0.0,0.0,0.0,0.0,0.0,0.0,147247.0,0.0,0.0,0.0,0.0
,,CM2,1511,7800311,PLA MILLORA FAÇANES,160000.0,20712.39,180712.39,180712.39,0.0,0.0,0.0,0.0,0.0,0.0,180712.39,0.0,0.0,0.0
,,CM1,1610,7810001,FILTRES VERDS.- CONVOCATÒRIA 2018,25000.0,0.0,25000.0,25000.0,0.0,0.0,0.0,0.0,0.0,0.0,25000.0,0.0,0.0,0.0
,,SG4,9340,8300001,BESTRETES AL PERSONAL,60000.0,0.0,60000.0,0.0,14080.31,14080.31,14080.31,14080.31,14080.31,45919.69,0.0,0.0,0.0,0.0
,,SG4,0110,9131801,AMORT. PREST 2002 - CAM- Nº 0253636615,140237.0,0.0,140237.0,0.0,0.0,0.0,0.0,0.0,0.0,140237.0,0.0,0.0,0.0,0.0
,,SG4,0110,9131901,AMORT. PREST 2003 - LC Nº 30584029822,103045.0,0.0,103045.0,0.0,51521.83,51521.83,51521.83,51521.83,51521.83,51523.17,0.0,0.0,0.0,0.0
,,SG4,0110,9132001,AMORT. PREST 2004  BBVA  974 04357000,266368.0,0.0,266368.0,0.0,266366.67,266366.67,266366.67,266366.67,266366.67,1.33,0.0,0.0,0.0,0.0
,,SG4,0110,9132101,AMORT. PREST 2005 BBVA  974 05137023,200000.0,0.0,200000.0,0.0,0.0,0.0,0.0,0.0,0.0,200000.0,0.0,0.0,0.0,0.0
,,SG4,0110,9132201,AMORT. PREST 2006 BBVA 974-06183571,261795.0,0.0,261795.0,0.0,0.0,0.0,0.0,0.0,0.0,261795.0,0.0,0.0,0.0,0.0
,,SG4,0110,9132301,AMORT. PREST 2007 BBVA  Nº 07457494,136175.0,0.0,136175.0,0.0,0.0,0.0,0.0,0.0,0.0,136175.0,0.0,0.0,0.0,0.0
,,SG4,0110,9132501,AMORT. PREST 2007 LC  INVERS.Nº 9620-309-10030025,130445.0,0.0,130445.0,0.0,0.0,0.0,0.0,0.0,0.0,130445.0,0.0,0.0,0.0,0.0
,,SG4,0110,9132601,AMORT. PREST 2008 LC INV 708776-98,30695.0,0.0,30695.0,0.0,19345.31,19345.31,19345.31,19345.31,19345.31,11349.69,0.0,0.0,0.0,0.0
,,SG4,0110,9132701,AMORT. PREST 2009 BBVA 159010,144440.0,0.0,144440.0,0.0,72220.0,72220.0,72220.0,72220.0,72220.0,72220.0,0.0,0.0,0.0,0.0
,,SG4,0110,9132802,AMORT. PREST 2010 - BANKIA,69858.0,46731.0,116589.0,0.0,31925.36,31925.36,31925.36,31925.36,31925.36,84663.64,0.0,0.0,0.0,0.0
#TOT.,,,,,,36032112.0,9429161.06,45461273.06,24317763.66,12593967.49,20755565.75,14828238.47,13736918.37,13258426.83,8549541.91,13368565.61,2787599.79,5927327.28,1091320.1
