#Org.-P-E,E,P,Org.,Pro.,Eco.,Descripció,Crèdits inicials,Modificacions de crèdit,Crèdits totals consignats,Retencions de crèdit,Despeses autoritzades,Disposicions o compromisos,Obligacions reconegudes,Pag. Ordenats,Pagaments fets,SALDO de crèdits disponibles,SALDO de crèdits disp. a nivell de vinculació,SALDO de crèdits retinguts pendents d'ús,SALDO de despeses autoritzades,SALDO de despeses compromeses,SALDO d'obligacions reconegudes,SALDO de pag. ordenats,Gasto Pendiente Aplicar a Presupuesto,Gasto Pagado Pendiente Aplicar a Presupuesto,Factures consumeixen disp. Pend. Comptabilitzar,Disponible de Remanentes por aplicación
SG1-9-1,1,9,SG1,9120,1000001,RETRIBUCIONS.- CÀRRECS ELECTES,344762.0,0.0,344762.0,344762.0,344762.0,344762.0,344762.0,344762.0,344762.0,0.0,98.35,0.0,0.0,0.0,0.0,0.0,0.0,0.0,0.0,0.0
SG5-1-1,1,1,SG5,1300,1200001,BASIQUES FUNC.- POLICIA .......,911479.0,0.0,911479.0,875291.36,875291.36,875291.36,875291.36,875291.36,875291.36,36187.64,574.77,0.0,0.0,0.0,0.0,0.0,0.0,0.0,0.0,0.0
CM2-1-1,1,1,CM2,1511,1200001,BASIQUES FUNC.- URBANISME .....,76650.0,0.0,76650.0,76650.0,76650.0,76650.0,76650.0,76650.0,76650.0,0.0,574.77,0.0,0.0,0.0,0.0,0.0,0.0,0.0,0.0,0.0
CM1-1-1,1,1,CM1,1532,1200001,BASIQUES FUNC.-VIES PUBLIQUES,11034.0,0.0,11034.0,11034.0,11034.0,11034.0,11034.0,11034.0,11034.0,0.0,574.77,0.0,0.0,0.0,0.0,0.0,0.0,0.0,0.0,0.0
CM1-1-1,1,1,CM1,1650,1200001,BASIQUES FUNC.- ENLLUMENAT .....,21989.0,0.0,21989.0,21989.0,21989.0,21989.0,21989.0,21989.0,21989.0,0.0,574.77,0.0,0.0,0.0,0.0,0.0,0.0,0.0,0.0,0.0
CM1-1-1,1,1,CM1,1711,1200001,BASIQUES FUNC.- CIUTAT I MEDI AMBIENT,12654.0,0.0,12654.0,12654.0,12654.0,12654.0,12654.0,12654.0,12654.0,0.0,574.77,0.0,0.0,0.0,0.0,0.0,0.0,0.0,0.0,0.0
CM6-1-1,1,1,CM6,1721,1200001,RETRIBUCIONS BASIQUES.- MEDI AMBIENT,12759.0,0.0,12759.0,12759.0,12759.0,12759.0,12759.0,12759.0,12759.0,0.0,574.77,0.0,0.0,0.0,0.0,0.0,0.0,0.0,0.0,0.0
SP1-2-1,1,2,SP1,2310,1200001,RETRIBUCIONS BASIQUES ASSISTENCIA PRIMARIA,15797.0,0.0,15797.0,15797.0,15797.0,15797.0,15797.0,15797.0,15797.0,0.0,2000.45,0.0,0.0,0.0,0.0,0.0,0.0,0.0,0.0,0.0
SG8-2-1,1,2,SG8,2410,1200001,RETRIBUCIONS BASIQUES.- FORMACIÓ,13751.0,0.0,13751.0,13751.0,13751.0,13751.0,13751.0,13751.0,13751.0,0.0,2000.45,0.0,0.0,0.0,0.0,0.0,0.0,0.0,0.0,0.0
SP3-3-1,1,3,SP3,3322,1200001,BASIQUES FUNC.- ARXIU I PATR..,23779.0,0.0,23779.0,23779.0,23779.0,23779.0,23779.0,23779.0,23779.0,0.0,0.0,0.0,0.0,0.0,0.0,0.0,0.0,0.0,0.0,0.0
SG8-4-1,1,4,SG8,4330,1200001,BASIQUES FUNC.-ACTIVITATS,16663.0,0.0,16663.0,16663.0,16663.0,16663.0,16663.0,16663.0,16663.0,0.0,0.0,0.0,0.0,0.0,0.0,0.0,0.0,0.0,0.0,0.0
SG1-9-1,1,9,SG1,9120,1200001,BASIQUES FUNC.- ORG. GOVERN..,28037.0,0.0,28037.0,28037.0,28037.0,28037.0,28037.0,28037.0,28037.0,0.0,98.35,0.0,0.0,0.0,0.0,0.0,0.0,0.0,0.0,0.0
SG1-9-1,1,9,SG1,9202,1200001,BASIQUES FUNC.-SERVEIS JURÍDICS.....,44426.0,0.0,44426.0,44426.0,44426.0,44426.0,44426.0,44426.0,44426.0,0.0,98.35,0.0,0.0,0.0,0.0,0.0,0.0,0.0,0.0,0.0
SG1-9-1,1,9,SG1,9203,1200001,BASIQUES FUNC.- CONTRACTACIÓ.,17617.0,0.0,17617.0,17617.0,17617.0,17617.0,17617.0,17617.0,17617.0,0.0,98.35,0.0,0.0,0.0,0.0,0.0,0.0,0.0,0.0,0.0
SG4-9-1,1,9,SG4,9311,1200001,BASIQUES FUNC.- INTERVENCIO,20490.0,0.0,20490.0,20490.0,20489.92,20489.92,20489.92,20489.92,20489.92,0.0,98.35,0.08,0.0,0.0,0.0,0.0,0.0,0.0,0.0,0.0
SG4-9-1,1,9,SG4,9340,1200001,BASIQUES FUNC.- GESTIÓ TRIBUTÀRIA I RECAPTACIÓ,53763.0,0.0,53763.0,53763.0,53763.0,53763.0,53763.0,53763.0,53763.0,0.0,98.35,0.0,0.0,0.0,0.0,0.0,0.0,0.0,0.0,0.0
SG5-1-1,1,1,SG5,1300,1210001,COMPLEM. FUNC.- POLICIA ......,808069.0,38000.0,846069.0,803625.69,803625.69,803625.69,803625.69,803625.69,803625.69,42443.31,574.77,0.0,0.0,0.0,0.0,0.0,0.0,0.0,0.0,0.0
CM2-1-1,1,1,CM2,1511,1210001,COMPLEM. FUNC.- URBANISME ....,70706.0,0.0,70706.0,70706.0,70706.0,70706.0,70706.0,70706.0,70706.0,0.0,574.77,0.0,0.0,0.0,0.0,0.0,0.0,0.0,0.0,0.0
CM1-1-1,1,1,CM1,1532,1210001,COMPLEM. FUNC.- VIES PUBLIQUES.,5771.0,0.0,5771.0,5771.0,5771.0,5771.0,5771.0,5771.0,5771.0,0.0,574.77,0.0,0.0,0.0,0.0,0.0,0.0,0.0,0.0,0.0
CM1-1-1,1,1,CM1,1650,1210001,COMPLEM. FUNC.- ENLLUMENAT ....,13372.0,0.0,13372.0,13372.0,13372.0,13372.0,13372.0,13372.0,13372.0,0.0,574.77,0.0,0.0,0.0,0.0,0.0,0.0,0.0,0.0,0.0
CM1-1-1,1,1,CM1,1711,1210001,COMPLEM. FUNC.- CIUTAT I MEDI AMBIENT,6686.0,0.0,6686.0,6686.0,6686.0,6686.0,6686.0,6686.0,6686.0,0.0,574.77,0.0,0.0,0.0,0.0,0.0,0.0,0.0,0.0,0.0
CM6-1-1,1,1,CM6,1721,1210001,RETRIBUCIONS COMPLEMENTARIES.- MEDI AMBIENT,7717.0,0.0,7717.0,7717.0,7717.0,7717.0,7717.0,7717.0,7717.0,0.0,574.77,0.0,0.0,0.0,0.0,0.0,0.0,0.0,0.0,0.0
SP1-2-1,1,2,SP1,2310,1210001,RETRIBUCIONS COMPLEMENTARIES - ATENCIO PRIMARIA,12472.0,0.0,12472.0,12472.0,12472.0,12472.0,12472.0,12472.0,12472.0,0.0,2000.45,0.0,0.0,0.0,0.0,0.0,0.0,0.0,0.0,0.0
SG8-2-1,1,2,SG8,2410,1210001,COMPLEM. FUNC.- FORMACIÓ,9248.0,0.0,9248.0,9248.0,9248.0,9248.0,9248.0,9248.0,9248.0,0.0,2000.45,0.0,0.0,0.0,0.0,0.0,0.0,0.0,0.0,0.0
SP3-3-1,1,3,SP3,3322,1210001,COMPLEM. FUNC.- ARXIU I PATR..,16169.0,0.0,16169.0,16169.0,16169.0,16169.0,16169.0,16169.0,16169.0,0.0,0.0,0.0,0.0,0.0,0.0,0.0,0.0,0.0,0.0,0.0
SG8-4-1,1,4,SG8,4330,1210001,COMPLEM. FUNC.-ACTIVITATS,15897.0,0.0,15897.0,15897.0,15897.0,15897.0,15897.0,15897.0,15897.0,0.0,0.0,0.0,0.0,0.0,0.0,0.0,0.0,0.0,0.0,0.0
SG1-9-1,1,9,SG1,9120,1210001,COMPLEM. FUNC.- ORG. GOVERN,21883.0,0.0,21883.0,21883.0,21883.0,21883.0,21883.0,21883.0,21883.0,0.0,98.35,0.0,0.0,0.0,0.0,0.0,0.0,0.0,0.0,0.0
SG1-9-1,1,9,SG1,9202,1210001,COMPLEM. FUNC.-SERVEIS JURÍDICS....,62753.0,0.0,62753.0,62753.0,62753.0,62753.0,62753.0,62753.0,62753.0,0.0,98.35,0.0,0.0,0.0,0.0,0.0,0.0,0.0,0.0,0.0
SG1-9-1,1,9,SG1,9203,1210001,COMPLEM. FUNC.- CONTRACTACIÓ..,10213.0,0.0,10213.0,10213.0,10213.0,10213.0,10213.0,10213.0,10213.0,0.0,98.35,0.0,0.0,0.0,0.0,0.0,0.0,0.0,0.0,0.0
SG4-9-1,1,9,SG4,9311,1210001,COMPLEM. FUNC.- INTERVENCIO.,31474.0,0.0,31474.0,31474.0,31473.24,31473.24,31473.24,31473.24,31473.24,0.0,98.35,0.76,0.0,0.0,0.0,0.0,0.0,0.0,0.0,0.0
SG4-9-1,1,9,SG4,9340,1210001,COMPLEM. FUNC.- GESTIÓ TRIBUTÀRIA I RECAPTACIÓ,44403.0,0.0,44403.0,44403.0,44403.0,44403.0,44403.0,44403.0,44403.0,0.0,98.35,0.0,0.0,0.0,0.0,0.0,0.0,0.0,0.0,0.0
SG5-1-1,1,1,SG5,1300,1300001,BASIQUES LAB.- POLICIA ........,12296.0,0.0,12296.0,12296.0,12296.0,12296.0,12296.0,12296.0,12296.0,0.0,574.77,0.0,0.0,0.0,0.0,0.0,0.0,0.0,0.0,0.0
CM2-1-1,1,1,CM2,1511,1300001,BASIQUES LAB.- URBANISME ......,145458.0,0.0,145458.0,145458.0,145458.0,145458.0,145458.0,145458.0,145458.0,0.0,574.77,0.0,0.0,0.0,0.0,0.0,0.0,0.0,0.0,0.0
CM2-1-1,1,1,CM2,1512,1300001,BASIQUES LAB.- PROJECTES ......,117879.0,0.0,117879.0,117879.0,117879.0,117879.0,117879.0,117879.0,117879.0,0.0,574.77,0.0,0.0,0.0,0.0,0.0,0.0,0.0,0.0,0.0
CM1-1-1,1,1,CM1,1532,1300001,BASIQUES LAB.- VIES PUBLIQUES ..,91154.0,0.0,91154.0,85728.25,85728.25,85728.25,85728.25,85728.25,85728.25,5425.75,574.77,0.0,0.0,0.0,0.0,0.0,0.0,0.0,0.0,0.0
CM1-1-1,1,1,CM1,1650,1300001,BASIQUES LAB.- ENLLUMENAT ......,41994.0,0.0,41994.0,41994.0,41994.0,41994.0,41994.0,41994.0,41994.0,0.0,574.77,0.0,0.0,0.0,0.0,0.0,0.0,0.0,0.0,0.0
CM1-1-1,1,1,CM1,1710,1300001,BASIQUES LAB.- PARCS I JARD..,85185.0,0.0,85185.0,80006.94,80006.94,80006.94,80006.94,80006.94,80006.94,5178.06,574.77,0.0,0.0,0.0,0.0,0.0,0.0,0.0,0.0,0.0
CM1-1-1,1,1,CM1,1711,1300001,BASIQUES LAB.- CIUTAT I MEDI AMBIENT,138426.0,0.0,138426.0,138426.0,138426.0,138426.0,138426.0,138426.0,138426.0,0.0,574.77,0.0,0.0,0.0,0.0,0.0,0.0,0.0,0.0,0.0
CM6-1-1,1,1,CM6,1721,1300001,BASIQUES LAB.- MEDI AMBIENT,41616.0,0.0,41616.0,35236.91,35236.91,35236.91,35236.91,35236.91,35236.91,6379.09,574.77,0.0,0.0,0.0,0.0,0.0,0.0,0.0,0.0,0.0
SP1-2-1,1,2,SP1,2310,1300001,BASIQUES LAB.- ASSISTÈNCIA PRIMÀRIA,278863.0,0.0,278863.0,278863.0,278863.0,278863.0,278863.0,278863.0,278863.0,0.0,2000.45,0.0,0.0,0.0,0.0,0.0,0.0,0.0,0.0,0.0
SP1-2-1,1,2,SP1,2311,1300001,BASIQUES LAB.- R.G.A.,853653.0,0.0,853653.0,853869.6,853019.16,853019.16,853019.16,853019.16,853019.16,-216.6,2000.45,850.44,0.0,0.0,0.0,0.0,0.0,0.0,0.0,0.0
SG8-2-1,1,2,SG8,2410,1300001,BASIQUES LAB.- FORMACIÓ,13404.0,0.0,13404.0,13404.0,13403.96,13403.96,13403.96,13403.96,13403.96,0.0,2000.45,0.04,0.0,0.0,0.0,0.0,0.0,0.0,0.0,0.0
SP1-3-1,1,3,SP1,3110,1300001,BASIQUES LAB.-SANITAT ........,25674.0,0.0,25674.0,25674.0,25674.0,25674.0,25674.0,25674.0,25674.0,0.0,0.0,0.0,0.0,0.0,0.0,0.0,0.0,0.0,0.0,0.0
SP1-3-1,1,3,SP1,3230,1300001,BASIQUES LAB.- EDUCACIO ......,95612.0,0.0,95612.0,95612.0,95612.0,95612.0,95612.0,95612.0,95612.0,0.0,0.0,0.0,0.0,0.0,0.0,0.0,0.0,0.0,0.0,0.0
SP1-3-1,1,3,SP1,3260,1300001,BASIQUES LAB.- ESCOLES MUNICIPALS,21921.0,0.0,21921.0,21921.0,21921.0,21921.0,21921.0,21921.0,21921.0,0.0,0.0,0.0,0.0,0.0,0.0,0.0,0.0,0.0,0.0,0.0
SP3-3-1,1,3,SP3,3322,1300001,BASIQUES LAB.- ARXIU I PATR..,27480.0,0.0,27480.0,27480.0,27480.0,27480.0,27480.0,27480.0,27480.0,0.0,0.0,0.0,0.0,0.0,0.0,0.0,0.0,0.0,0.0,0.0
SP3-3-1,1,3,SP3,3340,1300001,BASIQUES LAB.- CULTURA ........,76551.0,0.0,76551.0,76551.0,76551.0,76551.0,76551.0,76551.0,76551.0,0.0,0.0,0.0,0.0,0.0,0.0,0.0,0.0,0.0,0.0,0.0
SP3-3-1,1,3,SP3,3370,1300001,BASIQUES LAB.- JOVENTUT,41021.0,0.0,41021.0,41021.0,41021.0,41021.0,41021.0,41021.0,41021.0,0.0,0.0,0.0,0.0,0.0,0.0,0.0,0.0,0.0,0.0,0.0
SP3-3-1,1,3,SP3,3400,1300001,BASIQUES LAB.- ESPORTS .......,247816.0,0.0,247816.0,247816.0,247816.0,247816.0,247816.0,247816.0,247816.0,0.0,0.0,0.0,0.0,0.0,0.0,0.0,0.0,0.0,0.0,0.0
SG8-4-1,1,4,SG8,4310,1300001,BASIQUES LAB.- COMERÇ,12667.0,0.0,12667.0,12667.0,12666.8,12666.8,12666.8,12666.8,12666.8,0.0,0.0,0.2,0.0,0.0,0.0,0.0,0.0,0.0,0.0,0.0
SG8-4-1,1,4,SG8,4312,1300001,BASIQUES LAB.- MERCATS,41318.0,0.0,41318.0,41318.0,41318.0,41318.0,41318.0,41318.0,41318.0,0.0,0.0,0.0,0.0,0.0,0.0,0.0,0.0,0.0,0.0,0.0
SG8-4-1,1,4,SG8,4330,1300001,BASIQUES LAB.- ACTIVITATS,35264.0,0.0,35264.0,35264.0,35264.0,35264.0,35264.0,35264.0,35264.0,0.0,0.0,0.0,0.0,0.0,0.0,0.0,0.0,0.0,0.0,0.0
SG1-9-1,1,9,SG1,9120,1300001,BASIQUES LAB.- ALCALDIA,35949.0,0.0,35949.0,35949.0,34579.62,34579.62,34579.62,34579.62,34579.62,0.0,98.35,1369.38,0.0,0.0,0.0,0.0,0.0,0.0,0.0,0.0
SG1-9-1,1,9,SG1,9202,1300001,BASIQUES LAB.-SERVEIS JURÍDICS......,105191.0,0.0,105191.0,105191.0,105191.0,105191.0,105191.0,105191.0,105191.0,0.0,98.35,0.0,0.0,0.0,0.0,0.0,0.0,0.0,0.0,0.0
SG1-9-1,1,9,SG1,9205,1300001,BASIQUES LAB.- REC. HUMANS,84218.0,0.0,84218.0,87128.75,87128.75,87128.75,87128.75,87128.75,87128.75,-2910.75,98.35,0.0,0.0,0.0,0.0,0.0,0.0,0.0,0.0,0.0
SG4-9-1,1,9,SG4,9206,1300001,BASIQUES LAB.- INFORMATICA,27113.0,0.0,27113.0,27113.0,27113.0,27113.0,27113.0,27113.0,27113.0,0.0,98.35,0.0,0.0,0.0,0.0,0.0,0.0,0.0,0.0,0.0
SG1-9-1,1,9,SG1,9250,1300001,BASIQUES LAB.- OFICINA ATENCIÓ AL CIUTADÀ,98589.0,0.0,98589.0,98589.0,98589.0,98589.0,98589.0,98589.0,98589.0,0.0,98.35,0.0,0.0,0.0,0.0,0.0,0.0,0.0,0.0,0.0
SG4-9-1,1,9,SG4,9311,1300001,BASIQUES LAB.- INTERVENCIO,43831.0,0.0,43831.0,43831.0,43831.0,43831.0,43831.0,43831.0,43831.0,0.0,98.35,0.0,0.0,0.0,0.0,0.0,0.0,0.0,0.0,0.0
SG4-9-1,1,9,SG4,9340,1300001,BASIQUES LAB.- GESTIÓ TRIBUTÀRIA I RECAPTACIÓ,80355.0,0.0,80355.0,80355.0,80355.0,80355.0,80355.0,80355.0,80355.0,0.0,98.35,0.0,0.0,0.0,0.0,0.0,0.0,0.0,0.0,0.0
SG1-9-1,1,9,SG1,9205,1300101,HORES EXTRAORDINÀRIES /SERV. EXTRAORD.. RR.HH.,65000.0,0.0,65000.0,59271.67,93901.62,93901.62,93901.62,93901.62,93901.62,-28901.62,98.35,0.0,0.0,0.0,0.0,0.0,0.0,0.0,0.0,0.0
SG5-1-1,1,1,SG5,1300,1300201,COMPLEM. LAB.- POLICIA .......,58003.0,0.0,58003.0,7153.0,7153.0,7153.0,7153.0,7153.0,7153.0,50850.0,574.77,0.0,0.0,0.0,0.0,0.0,0.0,0.0,0.0,0.0
CM2-1-1,1,1,CM2,1511,1300201,COMPLEM. LAB.- URBANISME .....,111765.0,65000.0,176765.0,176765.0,176765.0,176765.0,176765.0,176765.0,176765.0,0.0,574.77,0.0,0.0,0.0,0.0,0.0,0.0,0.0,0.0,65000.0
CM2-1-1,1,1,CM2,1512,1300201,COMPLEM. LAB.- PROJECTES .....,101012.0,0.0,101012.0,101012.0,101012.0,101012.0,101012.0,101012.0,101012.0,0.0,574.77,0.0,0.0,0.0,0.0,0.0,0.0,0.0,0.0,0.0
CM1-1-1,1,1,CM1,1532,1300201,COMPLEM. LAB.- VIES PUBLIQUES..,63313.0,0.0,63313.0,59946.65,59946.65,59946.65,59946.65,59946.65,59946.65,3366.35,574.77,0.0,0.0,0.0,0.0,0.0,0.0,0.0,0.0,0.0
CM1-1-1,1,1,CM1,1650,1300201,COMPLEM. LAB.- ENLLUMENAT .....,40064.0,0.0,40064.0,40064.0,40064.0,40064.0,40064.0,40064.0,40064.0,0.0,574.77,0.0,0.0,0.0,0.0,0.0,0.0,0.0,0.0,0.0
CM1-1-1,1,1,CM1,1710,1300201,COMPLEM. LAB.- PARCS I JARD.,53590.0,0.0,53590.0,50247.13,50247.13,50247.13,50247.13,50247.13,50247.13,3342.87,574.77,0.0,0.0,0.0,0.0,0.0,0.0,0.0,0.0,0.0
CM1-1-1,1,1,CM1,1711,1300201,COMPLEM. LAB.- CIUTAT I MEDI AMBIENT,120487.0,0.0,120487.0,120487.0,120487.0,120487.0,120487.0,120487.0,120487.0,0.0,574.77,0.0,0.0,0.0,0.0,0.0,0.0,0.0,0.0,0.0
CM6-1-1,1,1,CM6,1721,1300201,COMPLEM. LAB.- MEDI AMBIENT,33608.0,0.0,33608.0,29749.7,29749.7,29749.7,29749.7,29749.7,29749.7,3858.3,574.77,0.0,0.0,0.0,0.0,0.0,0.0,0.0,0.0,0.0
SP1-2-1,1,2,SP1,2310,1300201,COMPLEM. LAB.- ATENCIÓ PRIMÀRIA,189277.0,0.0,189277.0,189277.0,189277.0,189277.0,189277.0,189277.0,189277.0,0.0,2000.45,0.0,0.0,0.0,0.0,0.0,0.0,0.0,0.0,0.0
SP1-2-1,1,2,SP1,2311,1300201,COMPLEM. LAB.- R.G.A.,745090.0,0.0,745090.0,745090.0,745090.0,745090.0,745090.0,745090.0,745090.0,0.0,2000.45,0.0,0.0,0.0,0.0,0.0,0.0,0.0,0.0,0.0
SG8-2-1,1,2,SG8,2410,1300201,COMPLEM. LAB.- FORMACIÒ.,7168.0,0.0,7168.0,7168.0,7168.0,7168.0,7168.0,7168.0,7168.0,0.0,2000.45,0.0,0.0,0.0,0.0,0.0,0.0,0.0,0.0,0.0
SP1-3-1,1,3,SP1,3110,1300201,COMPLEM. LAB.-SANITAT .......,18404.0,0.0,18404.0,18404.0,18404.0,18404.0,18404.0,18404.0,18404.0,0.0,0.0,0.0,0.0,0.0,0.0,0.0,0.0,0.0,0.0,0.0
SP1-3-1,1,3,SP1,3230,1300201,COMPLEM. LAB.- EDUCACIO......,71262.0,0.0,71262.0,71262.0,71262.0,71262.0,71262.0,71262.0,71262.0,0.0,0.0,0.0,0.0,0.0,0.0,0.0,0.0,0.0,0.0,0.0
SP1-3-1,1,3,SP1,3260,1300201,COMPLEM. LAB.- ESCOLES MPALS.,25357.0,0.0,25357.0,25357.0,25357.0,25357.0,25357.0,25357.0,25357.0,0.0,0.0,0.0,0.0,0.0,0.0,0.0,0.0,0.0,0.0,0.0
SP3-3-1,1,3,SP3,3322,1300201,COMPLEM. LAB.- ARXIU I PATR.,19251.0,0.0,19251.0,19251.0,19251.0,19251.0,19251.0,19251.0,19251.0,0.0,0.0,0.0,0.0,0.0,0.0,0.0,0.0,0.0,0.0,0.0
SP3-3-1,1,3,SP3,3340,1300201,COMPLEM. LAB.- CULTURA .......,53353.0,0.0,53353.0,53353.0,53353.0,53353.0,53353.0,53353.0,53353.0,0.0,0.0,0.0,0.0,0.0,0.0,0.0,0.0,0.0,0.0,0.0
SP3-3-1,1,3,SP3,3370,1300201,COMPLEMEN. LAB.- JOVENTUT,24603.0,0.0,24603.0,24603.0,24603.0,24603.0,24603.0,24603.0,24603.0,0.0,0.0,0.0,0.0,0.0,0.0,0.0,0.0,0.0,0.0,0.0
SP3-3-1,1,3,SP3,3400,1300201,COMPLEM. LAB.- ESPORTS ......,186657.0,0.0,186657.0,186657.0,186657.0,186657.0,186657.0,186657.0,186657.0,0.0,0.0,0.0,0.0,0.0,0.0,0.0,0.0,0.0,0.0,0.0
SG8-4-1,1,4,SG8,4310,1300201,COMPLEM. LAB.-COMERÇ,8698.0,0.0,8698.0,8698.0,8698.0,8698.0,8698.0,8698.0,8698.0,0.0,0.0,0.0,0.0,0.0,0.0,0.0,0.0,0.0,0.0,0.0
SG8-4-1,1,4,SG8,4312,1300201,COMPLEM. LAB.-MERCATS,21503.0,0.0,21503.0,21503.0,21503.0,21503.0,21503.0,21503.0,21503.0,0.0,0.0,0.0,0.0,0.0,0.0,0.0,0.0,0.0,0.0,0.0
SG8-4-1,1,4,SG8,4330,1300201,COMPLEM. LAB.-ACTIVITATS,24992.0,0.0,24992.0,24992.0,24992.0,24992.0,24992.0,24992.0,24992.0,0.0,0.0,0.0,0.0,0.0,0.0,0.0,0.0,0.0,0.0,0.0
SG1-9-1,1,9,SG1,9120,1300201,COMPLEM. LAB.-ALCALDIA,23486.0,0.0,23486.0,23486.0,23486.0,23486.0,23486.0,23486.0,23486.0,0.0,98.35,0.0,0.0,0.0,0.0,0.0,0.0,0.0,0.0,0.0
SG1-9-1,1,9,SG1,9202,1300201,COMPLEM. LAB.-SERVEIS JURÍDICS ....,68635.0,0.0,68635.0,68635.0,68635.0,68635.0,68635.0,68635.0,68635.0,0.0,98.35,0.0,0.0,0.0,0.0,0.0,0.0,0.0,0.0,0.0
SG1-9-1,1,9,SG1,9205,1300201,COMPLEM. LAB.- REC. HUMANS.,57113.0,27000.0,84113.0,84113.0,84113.0,84113.0,84113.0,84113.0,84113.0,0.0,98.35,0.0,0.0,0.0,0.0,0.0,0.0,0.0,0.0,8000.0
SG4-9-1,1,9,SG4,9206,1300201,COMPLEM. LAB.- INFORMATICA,24851.0,0.0,24851.0,24851.0,24851.0,24851.0,24851.0,24851.0,24851.0,0.0,98.35,0.0,0.0,0.0,0.0,0.0,0.0,0.0,0.0,0.0
SG1-9-1,1,9,SG1,9250,1300201,COMPLEM. LAB.- OFICINA ATENCIÓ AL CIUTADÀ,59182.0,0.0,59182.0,59182.0,58848.84,58848.84,58848.84,58848.84,58848.84,0.0,98.35,333.16,0.0,0.0,0.0,0.0,0.0,0.0,0.0,0.0
SG4-9-1,1,9,SG4,9311,1300201,COMPLEM. LAB.- INTERVENCIO.,33027.0,0.0,33027.0,33027.0,33027.0,33027.0,33027.0,33027.0,33027.0,0.0,98.35,0.0,0.0,0.0,0.0,0.0,0.0,0.0,0.0,0.0
SG4-9-1,1,9,SG4,9340,1300201,COMPLEM. LAB.- GESTIÓ TRIBUTÀRIA I RECAPTACIÓ,48210.0,0.0,48210.0,48210.0,48210.0,48210.0,48210.0,48210.0,48210.0,0.0,98.35,0.0,0.0,0.0,0.0,0.0,0.0,0.0,0.0,0.0
CM1-1-1,1,1,CM1,1710,1310001,LABORAL EVENTUAL - BENESTAR COMUNITARI,0.0,0.0,0.0,135857.11,135308.74,135308.74,135308.74,135308.74,135308.74,-135857.11,574.77,548.37,0.0,0.0,0.0,0.0,0.0,0.0,0.0,0.0
SP1-2-1,1,2,SP1,2310,1310001,LABORAL EVENTUAL.- ATENCIÓ PRIMÀRIA,100000.0,74855.66,174855.66,211071.03,226224.3,226224.3,226224.3,226224.3,226224.3,-51368.64,2000.45,0.0,0.0,0.0,0.0,0.0,0.0,0.0,0.0,0.0
SP1-2-1,1,2,SP1,2311,1310001,PERS. EVENTUAL - R.G.A. ........,400000.0,0.0,400000.0,283057.18,310997.86,310997.86,310997.86,310997.86,310997.86,87590.11,2000.45,1412.03,0.0,0.0,0.0,0.0,0.0,0.0,0.0,0.0
SG8-2-1,1,2,SG8,2410,1310001,LABORAL EVENTUAL .- PROMOCIÓ ECONÒMICA,0.0,170690.96,170690.96,8558.24,80958.47,80958.47,80958.47,80958.47,80958.47,89732.49,2000.45,0.0,0.0,0.0,0.0,0.0,0.0,0.0,0.0,0.0
SP1-3-1,1,3,SP1,3230,1310001,LABORAL EVENTUAL - EDUCACIÓ,0.0,0.0,0.0,9455.34,10865.41,10865.41,10865.41,10865.41,10865.41,-10865.41,0.0,0.0,0.0,0.0,0.0,0.0,0.0,0.0,0.0,0.0
SP1-3-1,1,3,SP1,3260,1310001,LABORAL EVENTUAL.- ESCOLES MUNICIPALS,160000.0,0.0,160000.0,80450.88,91944.25,91944.25,91944.25,91944.25,91944.25,68055.75,0.0,0.0,0.0,0.0,0.0,0.0,0.0,0.0,0.0,0.0
SP3-3-1,1,3,SP3,3400,1310001,LABORAL EVENTUAL.- SERV. MPAL. ESPORTS,25000.0,0.0,25000.0,46534.53,46534.53,46534.53,46534.53,46534.53,46534.53,-21534.53,0.0,0.0,0.0,0.0,0.0,0.0,0.0,0.0,0.0,0.0
SG1-9-1,1,9,SG1,9120,1310001,LABORAL EVENTUAL - ORGANS DE GOVERN,0.0,0.0,0.0,13005.12,14896.22,14896.22,14896.22,14896.22,14896.22,-14896.22,98.35,0.0,0.0,0.0,0.0,0.0,0.0,0.0,0.0,0.0
SG1-9-1,1,9,SG1,9205,1310001,LABORAL EVENTUAL - RECURSOS HUMANS,0.0,0.0,0.0,28122.17,29158.05,29158.05,29158.05,29158.05,29158.05,-29158.05,98.35,0.0,0.0,0.0,0.0,0.0,0.0,0.0,0.0,0.0
SG8-2-1,1,2,SG8,2410,1310011,PERSONAL TEMPORAL- PROJECTES SOIB,0.0,934515.09,934515.09,916421.1,916421.1,849232.55,849232.55,849232.55,849232.55,18093.99,2000.45,0.0,67188.55,0.0,0.0,0.0,0.0,0.0,0.0,165908.7
SP1-2-1,1,2,SP1,2410,1310011,PERSONAL TEMPORAL- PROJECTES OCUPACIÓ,0.0,0.0,0.0,0.0,0.0,0.0,0.0,0.0,0.0,0.0,0.0,0.0,0.0,0.0,0.0,0.0,0.0,0.0,0.0,0.0
SG1-9-1,1,9,SG1,9205,1500001,PRODUCTIVITAT.- REC. HUMANS.,295000.0,0.0,295000.0,196673.12,263186.72,263186.72,263186.72,263186.72,263186.72,31813.28,98.35,0.0,0.0,0.0,0.0,0.0,0.0,0.0,0.0,0.0
SG5-1-1,1,1,SG5,1300,1600001,SEG. SOCIAL.- POLICIA ........,559667.0,0.0,559667.0,545599.98,543422.81,543422.81,543422.81,543422.81,543422.81,14067.02,574.77,2177.17,0.0,0.0,0.0,0.0,0.0,0.0,0.0,0.0
CM2-1-1,1,1,CM2,1511,1600001,SEG. SOCIAL.- URBANISME ......,119395.0,0.0,119395.0,119395.0,112377.42,112377.42,112377.42,112377.42,112377.42,0.0,574.77,7017.58,0.0,0.0,0.0,0.0,0.0,0.0,0.0,0.0
CM2-1-1,1,1,CM2,1512,1600001,SEG. SOCIAL.- PROJECTES ......,63975.0,0.0,63975.0,63975.0,60214.8,60214.8,60214.8,60214.8,60214.8,0.0,574.77,3760.2,0.0,0.0,0.0,0.0,0.0,0.0,0.0,0.0
CM1-1-1,1,1,CM1,1532,1600001,SEG. SOCIAL.- VIES PUBLIQUES...,63106.0,0.0,63106.0,59888.09,56611.34,56611.34,56611.34,56611.34,56611.34,3217.91,574.77,3276.75,0.0,0.0,0.0,0.0,0.0,0.0,0.0,0.0
CM1-1-1,1,1,CM1,1650,1600001,SEG. SOCIAL.- ENLLUMENAT ......,43859.0,0.0,43859.0,43859.0,41281.14,41281.14,41281.14,41281.14,41281.14,0.0,574.77,2577.86,0.0,0.0,0.0,0.0,0.0,0.0,0.0,0.0
CM1-1-1,1,1,CM1,1710,1600001,SEG. SOCIAL.- PARCS I JARDIN,50792.0,0.0,50792.0,90903.56,77255.32,77255.32,77255.32,77255.32,77255.32,-40111.56,574.77,13648.24,0.0,0.0,0.0,0.0,0.0,0.0,0.0,0.0
CM1-1-1,1,1,CM1,1711,1600001,SEG. SOCIAL.- CIUTAT I MEDI AMBIENT,95713.0,0.0,95713.0,96065.68,90281.72,90281.72,90281.72,90281.72,90281.72,-352.68,574.77,5783.96,0.0,0.0,0.0,0.0,0.0,0.0,0.0,0.0
CM6-1-1,1,1,CM6,1721,1600001,SEG. SOCIAL.- MEDI AMBIENT,28404.0,0.0,28404.0,25824.18,24501.34,24501.34,24501.34,24501.34,24501.34,2579.82,574.77,1322.84,0.0,0.0,0.0,0.0,0.0,0.0,0.0,0.0
SP1-2-1,1,2,SP1,2310,1600001,SEG. SOCIAL.- ATENCIÓ PRIMÀRIA,154832.0,38244.34,193076.34,236267.29,229028.34,229028.34,229028.34,229028.34,229028.34,-43190.95,2000.45,7238.95,0.0,0.0,0.0,0.0,0.0,0.0,0.0,0.0
SP1-2-1,1,2,SP1,2311,1600001,SEG. SOCIAL.- R.G.A.,501767.0,0.0,501767.0,588560.84,581640.88,581640.88,581640.88,581640.88,581640.88,-86793.84,2000.45,6919.96,0.0,0.0,0.0,0.0,0.0,0.0,0.0,0.0
SG8-2-1,1,2,SG8,2410,1600001,SEG. SOCIAL.- FORMACIÓ,12153.0,213927.83,226080.83,237926.94,223388.83,169485.14,169485.14,169485.14,169485.14,-11846.11,2000.45,14538.11,53903.69,0.0,0.0,0.0,0.0,0.0,0.0,0.0
SP1-3-1,1,3,SP1,3110,1600001,SEG. SOCIAL.-SANITAT ........,14563.0,0.0,14563.0,14563.0,13707.04,13707.04,13707.04,13707.04,13707.04,0.0,0.0,855.96,0.0,0.0,0.0,0.0,0.0,0.0,0.0,0.0
SP1-3-1,1,3,SP1,3230,1600001,SEG. SOCIAL.- EDUCACIO ......,52964.0,0.0,52964.0,55885.7,52563.29,52563.29,52563.29,52563.29,52563.29,-2921.7,0.0,3322.41,0.0,0.0,0.0,0.0,0.0,0.0,0.0,0.0
SP1-3-1,1,3,SP1,3260,1600001,SEG. SOCIAL.- ESCOLES MUNICIPALS,14609.0,10000.0,24609.0,50426.96,47061.28,47061.28,47061.28,47061.28,47061.28,-25817.96,0.0,3365.68,0.0,0.0,0.0,0.0,0.0,0.0,0.0,0.0
SP3-3-1,1,3,SP3,3322,1600001,SEG. SOCIAL.- ARXIU I PATR..,27782.0,0.0,27782.0,27782.0,26149.08,26149.08,26149.08,26149.08,26149.08,0.0,0.0,1632.92,0.0,0.0,0.0,0.0,0.0,0.0,0.0,0.0
SP3-3-1,1,3,SP3,3340,1600001,SEG. SOCIAL.- CULTURA ........,40141.0,0.0,40141.0,40141.0,37781.67,37781.67,37781.67,37781.67,37781.67,0.0,0.0,2359.33,0.0,0.0,0.0,0.0,0.0,0.0,0.0,0.0
SP3-3-1,1,3,SP3,3370,1600001,SEG. SOCIAL.- JOVENTUT,20278.0,0.0,20278.0,20278.0,19086.14,19086.14,19086.14,19086.14,19086.14,0.0,0.0,1191.86,0.0,0.0,0.0,0.0,0.0,0.0,0.0,0.0
SP3-3-1,1,3,SP3,3400,1600001,SEG. SOCIAL.- ESPORTS .......,141152.0,0.0,141152.0,148068.15,147138.78,147138.78,147138.78,147138.78,147138.78,-6916.15,0.0,929.37,0.0,0.0,0.0,0.0,0.0,0.0,0.0,0.0
SG8-4-1,1,4,SG8,4310,1600001,SEG. SOCIAL.- COMERÇ,6602.0,0.0,6602.0,6602.0,6213.96,6213.96,6213.96,6213.96,6213.96,0.0,0.0,388.04,0.0,0.0,0.0,0.0,0.0,0.0,0.0,0.0
SG8-4-1,1,4,SG8,4312,1600001,SEG. SOCIAL.- MERCATS,19412.0,0.0,19412.0,19412.0,17943.61,17943.61,17943.61,17943.61,17943.61,0.0,0.0,1468.39,0.0,0.0,0.0,0.0,0.0,0.0,0.0,0.0
SG8-4-1,1,4,SG8,4330,1600001,SEG. SOCIAL.- ACTIVITATS,26824.0,0.0,26824.0,26824.0,25247.39,25247.39,25247.39,25247.39,25247.39,0.0,0.0,1576.61,0.0,0.0,0.0,0.0,0.0,0.0,0.0,0.0
SG1-9-1,1,9,SG1,9120,1600001,SEG. SOCIAL.- ORG. GOVERN...,35039.0,0.0,35039.0,39111.26,36759.96,36759.96,36759.96,36759.96,36759.96,-4072.26,98.35,2351.3,0.0,0.0,0.0,0.0,0.0,0.0,0.0,0.0
SG1-9-1,1,9,SG1,9202,1600001,SEG.SOCIAL.-SERVEIS JURÍDICS,78387.0,0.0,78387.0,78387.0,73779.71,73779.71,73779.71,73779.71,73779.71,0.0,98.35,4607.29,0.0,0.0,0.0,0.0,0.0,0.0,0.0,0.0
SG1-9-1,1,9,SG1,9203,1600001,SEG. SOCIAL.- CONTRACTACIÓ,7194.0,0.0,7194.0,7194.0,6771.17,6771.17,6771.17,6771.17,6771.17,0.0,98.35,422.83,0.0,0.0,0.0,0.0,0.0,0.0,0.0,0.0
SG1-9-1,1,9,SG1,9205,1600001,SEG. SOCIAL.- REC. HUMANS,245487.0,75000.0,320487.0,319165.61,296796.51,296796.51,296796.51,296796.51,296796.51,1321.39,98.35,22369.1,0.0,0.0,0.0,0.0,0.0,0.0,0.0,0.0
SG4-9-1,1,9,SG4,9206,1600001,SEG. SOCIAL.- INFORMATICA,16057.0,0.0,16057.0,16057.0,15113.23,15113.23,15113.23,15113.23,15113.23,0.0,98.35,943.77,0.0,0.0,0.0,0.0,0.0,0.0,0.0,0.0
SG1-9-1,1,9,SG1,9250,1600001,SEG. SOCIAL.- OFICINA ATENCIÓ AL CIUTADÀ,48752.0,0.0,48752.0,48752.0,45886.55,45886.55,45886.55,45886.55,45886.55,0.0,98.35,2865.45,0.0,0.0,0.0,0.0,0.0,0.0,0.0,0.0
SG4-9-1,1,9,SG4,9311,1600001,SEG. SOCIAL.- INTERVENCIO.,37301.0,0.0,37301.0,37301.0,35108.59,35108.59,35108.59,35108.59,35108.59,0.0,98.35,2192.41,0.0,0.0,0.0,0.0,0.0,0.0,0.0,0.0
SG4-9-1,1,9,SG4,9340,1600001,SEG. SOCIAL.- GESTIÓ TRIBUTÀRIA I RECAPTACIO,69110.0,0.0,69110.0,69110.0,65047.98,65047.98,65047.98,65047.98,65047.98,0.0,98.35,4062.02,0.0,0.0,0.0,0.0,0.0,0.0,0.0,0.0
SG1-9-1,1,9,SG1,9120,1600101,SEG.SOCIAL.-ORG.GOVERN D.EX.,74305.0,0.0,74305.0,74305.0,74305.0,74305.0,74305.0,74305.0,74305.0,0.0,98.35,0.0,0.0,0.0,0.0,0.0,0.0,0.0,0.0,0.0
SG1-9-1,1,9,SG1,9205,1610401,INDEMNIZACIÓ PER JUBILACIONS ANTICIPADES,10000.0,0.0,10000.0,0.0,5416.66,5416.66,5416.66,5416.66,5416.66,4583.34,98.35,0.0,0.0,0.0,0.0,0.0,0.0,0.0,0.0,0.0
SG1-9-1,1,9,SG1,9205,1620001,FUNCIONARIS.- FORMACIÓ,7000.0,0.0,7000.0,0.0,0.0,0.0,0.0,0.0,0.0,7000.0,98.35,0.0,0.0,0.0,0.0,0.0,0.0,0.0,0.0,0.0
SG1-9-1,1,9,SG1,9205,1620401,FUNCIONARIS.- ACCIO SOCIAL,75000.0,0.0,75000.0,0.0,8341.93,8341.93,8341.93,8341.93,8341.93,66658.07,98.35,0.0,0.0,0.0,0.0,0.0,0.0,0.0,0.0,0.0
SG1-9-1,1,9,SG1,9205,1630001,PERSONAL LABORAL.- FORMACIO,3000.0,0.0,3000.0,828.85,828.85,828.85,828.85,828.85,828.85,2171.15,98.35,0.0,0.0,0.0,0.0,0.0,0.0,0.0,0.0,0.0
CM1-1-1,1,1,CM1,1532,1630201,PLUS TRANSPORT.- VIAS PUBLIC.,0.0,0.0,0.0,0.0,0.0,0.0,0.0,0.0,0.0,0.0,574.77,0.0,0.0,0.0,0.0,0.0,0.0,0.0,0.0,0.0
SG1-9-1,1,9,SG1,9205,1630401,PERSONAL LABORAL.- ACCIO SOC.,125000.0,0.0,125000.0,84586.77,163009.98,163009.98,163009.98,163009.98,163009.98,-38009.98,98.35,0.0,0.0,0.0,0.0,0.0,0.0,0.0,0.0,0.0
SG1-9-1,1,9,SG1,9205,1630501,PERSONAL LABORAL.-ASSEGURANCES,4500.0,0.0,4500.0,0.0,0.0,0.0,0.0,0.0,0.0,4500.0,98.35,0.0,0.0,0.0,0.0,0.0,0.0,0.0,0.0,0.0
SG5-1-2,2,1,SG5,1300,2000001,LLOGUER TERRENYS.- POLICIA,190000.0,0.0,190000.0,14457.47,174251.21,174251.21,165392.11,149516.63,149516.63,15748.79,44095.97,0.0,0.0,8859.1,15875.48,0.0,0.0,0.0,0.0,0.0
SG5-1-2,2,1,SG5,1300,2020001,LLOGUERS D'EDIFICIS- POLICIA,25000.0,0.0,25000.0,0.0,16385.82,16385.82,12271.82,12271.82,12271.82,8614.18,44095.97,0.0,0.0,4114.0,0.0,0.0,0.0,0.0,0.0,0.0
SP1-1-2,2,1,SP1,1522,2020001,LLOGUERS D'EDIFICIS- HABITATGE,20000.0,0.0,20000.0,19816.82,24049.19,24049.19,24049.19,19816.82,19816.82,-4049.19,2726.8,0.0,0.0,0.0,4232.37,0.0,0.0,0.0,0.0,0.0
CM1-1-2,2,1,CM1,1711,2020001,LLOGUERS EDIFICIS- MICROCIUTAT,17000.0,0.0,17000.0,26031.36,28948.0,28948.0,28948.0,26586.72,26586.72,-11948.0,16728.21,0.0,0.0,0.0,2361.28,0.0,0.0,0.0,0.0,0.0
SP3-3-2,2,3,SP3,3322,2020001,LLOGUER DEPENDÈNCIES - ARXIU,28000.0,0.0,28000.0,0.0,27296.74,27296.74,27296.74,27296.74,27296.74,703.26,19838.26,0.0,0.0,0.0,0.0,0.0,0.0,0.0,2240.51,0.0
SG4-9-2,2,9,SG4,9311,2020001,LLOGUER EDIFICI SANT ROC .- GESTIÓ PRES.,27000.0,0.0,27000.0,22477.2,26972.64,26972.64,26972.64,26972.64,26972.64,27.36,52918.45,0.0,0.0,0.0,0.0,0.0,0.0,0.0,0.0,0.0
SG1-9-2,2,9,SG1,9203,2030001,LLOGUER MAQUINARIA.- CONTRACTACIO,40000.0,0.0,40000.0,0.0,22741.4,22741.4,22741.4,20972.36,20972.36,17258.6,49214.08,0.0,0.0,0.0,1769.04,0.0,0.0,0.0,0.0,0.0
CM1-1-2,2,1,CM1,1711,2040001,LLOGUER VEHICLES.-MICROCIUTAT,35000.0,0.0,35000.0,26427.33,26503.56,26503.56,22319.13,19278.23,19278.23,8496.44,16728.21,0.0,0.0,4184.43,3040.9,0.0,0.0,0.0,0.0,0.0
SG5-1-2,2,1,SG5,1300,2100001,CONSERVACIÓ VIES PÚBLIQUES.- POLICIA,50000.0,0.0,50000.0,0.0,78052.56,78052.56,20896.45,18216.06,18216.06,-28052.56,44095.97,0.0,0.0,57156.11,2680.39,0.0,0.0,0.0,0.0,0.0
CM1-1-2,2,1,CM1,1532,2100001,REP.MANT.VIES PUBL.- VIES PUBLIQUES,175000.0,1556.29,176556.29,175000.0,232857.67,232857.67,232555.15,174431.26,174431.26,-56311.63,16728.21,10.25,0.0,302.52,58123.89,0.0,0.0,0.0,183.99,0.0
CM1-1-2,2,1,CM1,1710,2100001,REP.MANT.VIES PUBL.- PARCS I JARDINS,60000.0,0.0,60000.0,60000.0,71419.79,52344.46,52344.46,40924.67,40924.67,-11419.79,16728.21,0.0,19075.33,0.0,11419.79,0.0,0.0,0.0,0.0,0.0
SG5-1-2,2,1,SG5,1300,2120001,REP.MANT.EDIFICIS.- POLICIA,1000.0,0.0,1000.0,34.23,818.78,818.78,818.78,784.55,784.55,181.22,44095.97,0.0,0.0,0.0,34.23,0.0,0.0,0.0,0.0,0.0
SP1-1-2,2,1,SP1,1640,2120001,REP.MANT.ZONES CEMENTIRI,10500.0,0.0,10500.0,9767.3,10522.34,10522.34,10522.34,3753.6,3753.6,-22.34,2726.8,0.0,0.0,0.0,6768.74,0.0,0.0,0.0,0.0,0.0
CM1-1-2,2,1,CM1,1719,2120001,REP. MANT EDIFICIS MUNICIPALS,50000.0,0.0,50000.0,45994.15,49329.32,49329.32,49329.32,40110.23,40110.23,670.68,16728.21,0.0,0.0,0.0,9219.09,0.0,0.0,0.0,0.0,0.0
SP1-2-2,2,2,SP1,2311,2120001,REP.MANT.EDIFICIS.- RGA,70000.0,-38000.0,32000.0,11173.42,11173.42,11173.42,11173.42,6241.78,6241.78,20826.58,11036.11,0.0,0.0,0.0,4931.64,0.0,0.0,0.0,0.0,0.0
SG8-2-2,2,2,SG8,2410,2120001,MANT.EDIFICIS I ALTRES CONSTRUCCIONS-FOR OCUPACIO,6000.0,-4323.65,1676.35,0.0,0.0,0.0,0.0,0.0,0.0,1676.35,302.46,0.0,0.0,0.0,0.0,0.0,0.0,0.0,0.0,0.0
SP1-3-2,2,3,SP1,3230,2120001,REP.MANT.EDIFICIS.- EDUCACIO,30000.0,106936.48,136936.48,138355.78,122739.53,122739.53,122739.53,80652.59,80652.59,-3215.77,10971.51,17412.72,0.0,0.0,42086.94,0.0,0.0,0.0,0.0,0.0
SP3-3-2,2,3,SP3,3300,2120001,EDIFICIS I ALTRES CONSTRUCCIONS - CULTURA,13000.0,0.0,13000.0,1618.07,7099.34,7099.34,7099.34,1618.07,1618.07,5900.66,19838.26,0.0,0.0,0.0,5481.27,0.0,0.0,0.0,0.0,0.0
SP3-3-2,2,3,SP3,3341,2120001,REP.MANT.EDIFICIS.- CENTRE ART HDEZ  SANZ,10000.0,0.0,10000.0,0.0,9975.58,9975.58,9025.59,8878.9,8878.9,24.42,19838.26,0.0,0.0,949.99,146.69,0.0,0.0,0.0,0.0,0.0
SP3-3-2,2,3,SP3,3400,2120001,REP.MANT.EDIFICIS.- ESPORTS,10000.0,0.0,10000.0,9996.5,11125.96,11125.96,11125.96,9996.5,9996.5,-1125.96,19838.26,0.0,0.0,0.0,1129.46,0.0,0.0,0.0,0.0,0.0
SG8-4-2,2,4,SG8,4312,2120001,MANT.EDIFICIS I ALTRES CONSTRUCCIONS PEIXATERIA,3000.0,0.0,3000.0,0.0,54.67,54.67,54.67,54.67,54.67,2945.33,44627.58,0.0,0.0,0.0,0.0,0.0,0.0,0.0,0.0,0.0
SG5-1-2,2,1,SG5,1300,2130001,REP.MANT.MAQ.INSTAL.UTIL.- POLICIA,10000.0,0.0,10000.0,0.0,8371.62,8371.62,8371.62,8165.1,8165.1,1628.38,44095.97,0.0,0.0,0.0,206.52,0.0,0.0,0.0,0.0,0.0
CM2-1-2,2,1,CM2,1511,2130001,"MAQUINARIA, INSTAL.LACIONS I ESTRIS,. URBANISME",2000.0,0.0,2000.0,0.0,0.0,0.0,0.0,0.0,0.0,2000.0,41301.79,0.0,0.0,0.0,0.0,0.0,0.0,0.0,0.0,0.0
CM1-1-2,2,1,CM1,1621,2130001,CONSERVACIÓ INSTALACIONS - RSU,20000.0,0.0,20000.0,5415.1,5415.1,5415.1,0.0,0.0,0.0,14584.9,16728.21,0.0,0.0,5415.1,0.0,0.0,0.0,0.0,0.0,0.0
CM1-1-2,2,1,CM1,1650,2130001,REP.MANT.MAQ.INSTAL.UTIL.- ENLLUM. PUB.,60000.0,0.0,60000.0,60000.0,68639.14,68639.14,68639.14,42150.24,42150.24,-8639.2,16728.21,0.06,0.0,0.0,26488.9,0.0,0.0,0.0,0.0,0.0
CM1-1-2,2,1,CM1,1710,2130001,REP.MANT.MAQ.INSTAL.UTIL.- PARCS I JARD.,3000.0,0.0,3000.0,2922.85,2922.85,2922.85,2922.85,2922.85,2922.85,77.15,16728.21,0.0,0.0,0.0,0.0,0.0,0.0,0.0,0.0,0.0
CM1-1-2,2,1,CM1,1711,2130001,REP.MANT.MAQ.INSTAL.UTIL.-MICROCIUTAT,72000.0,0.0,72000.0,52000.0,52440.06,48440.06,47772.72,42921.15,42921.15,18244.58,16728.21,1315.36,4000.0,667.34,4851.57,0.0,0.0,0.0,0.0,0.0
CM1-1-2,2,1,CM1,1719,2130001,REP. MANT MAQ.INSTAL. UTILLATGE - EDIFICIS MUNICIPALS,8000.0,0.0,8000.0,7677.24,7928.87,7928.87,7928.87,7314.24,7314.24,71.13,16728.21,0.0,0.0,0.0,614.63,0.0,0.0,0.0,0.0,0.0
SP1-2-2,2,2,SP1,2310,2130001,REP.MANT.MAQ.INSTAL.UTIL.-ATEN. PRIMÀRIA,4000.0,0.0,4000.0,2958.26,3567.0,3567.0,2967.0,2885.97,2885.97,433.0,11036.11,0.0,0.0,600.0,81.03,0.0,0.0,0.0,0.0,0.0
SP1-2-2,2,2,SP1,2311,2130001,REP.MANT.MAQ.INSTAL.UTIL.- R.G.A,55000.0,0.0,55000.0,55000.0,60304.18,60304.18,60304.18,55000.0,55000.0,-5304.18,11036.11,0.0,0.0,0.0,5304.18,0.0,0.0,0.0,0.0,0.0
SP1-3-2,2,3,SP1,3230,2130001,REP.MANT.MAQ.INSTAL.UTIL.- EDUCACIO,37000.0,10000.0,47000.0,36986.86,36256.83,36256.83,36256.83,27126.43,27126.43,9800.81,10971.51,942.36,0.0,0.0,9130.4,0.0,0.0,0.0,0.0,0.0
SP3-3-2,2,3,SP3,3300,2130001,"MAQUINARIA, INSTAL.LACIONS I ESTRIS- SM CULTURA SC",10000.0,0.0,10000.0,3637.66,3795.4,3795.4,3795.4,3480.46,3480.46,6204.6,19838.26,0.0,0.0,0.0,314.94,0.0,0.0,0.0,0.0,0.0
SP3-3-2,2,3,SP3,3322,2130001,REP.MANT.MAQ.INSTAL.UTIL.- ARXIU,500.0,0.0,500.0,0.0,396.24,396.24,396.24,396.24,396.24,103.76,19838.26,0.0,0.0,0.0,0.0,0.0,0.0,0.0,0.0,0.0
SP3-3-2,2,3,SP3,3400,2130001,REP.MANT.MAQ.INSTAL.UTIL.- ESPORTS,45000.0,0.0,45000.0,49843.41,62098.01,62098.01,62098.01,52172.45,52172.45,-17098.01,19838.26,0.0,0.0,0.0,9925.56,0.0,0.0,0.0,0.0,0.0
SG1-9-2,2,9,SG1,9120,2130001,REP.MANT.MAQ.INSTAL.UTIL.- ORG. GOVERN,500.0,0.0,500.0,0.0,0.0,0.0,0.0,0.0,0.0,500.0,49214.08,0.0,0.0,0.0,0.0,0.0,0.0,0.0,0.0,0.0
SG1-9-2,2,9,SG1,9203,2130001,REP.MANT.MAQ.INSTAL.UTIL.- CONTRACTACIÓ,300.0,0.0,300.0,0.0,0.0,0.0,0.0,0.0,0.0,300.0,49214.08,0.0,0.0,0.0,0.0,0.0,0.0,0.0,0.0,0.0
SG4-9-2,2,9,SG4,9311,2130001,"MAQUINARIA, INSTAL.LACIONS.- SERV. ECONÒMICS",1000.0,0.0,1000.0,0.0,0.0,0.0,0.0,0.0,0.0,1000.0,52918.45,0.0,0.0,0.0,0.0,0.0,0.0,0.0,0.0,0.0
SG5-1-2,2,1,SG5,1300,2140001,REP.MANT.VEHICLES.- POLICIA,18000.0,0.0,18000.0,458.57,16283.29,16283.29,16283.29,14926.81,14768.19,1716.71,44095.97,0.0,0.0,0.0,1356.48,158.62,0.0,0.0,0.0,0.0
CM1-1-2,2,1,CM1,1711,2140001,REP.MANT.VEHICLES.-  MICROCIUTAT,10000.0,0.0,10000.0,9600.0,9417.79,9417.79,9417.79,9020.97,9020.97,249.89,16728.21,332.32,0.0,0.0,396.82,0.0,0.0,0.0,0.0,0.0
CM1-1-2,2,1,CM1,1719,2140001,REP. MANT VEHICLES - EDIFICIS MUNICIPALS,2000.0,0.0,2000.0,1172.51,1172.51,1172.51,1172.51,744.88,744.88,827.49,16728.21,0.0,0.0,0.0,427.63,0.0,0.0,0.0,0.0,0.0
SP1-2-2,2,2,SP1,2311,2140001,REP.MANT.VEHICLES.- R.G.A,12000.0,0.0,12000.0,2423.48,2423.48,2423.48,2423.48,2423.48,2423.48,9576.52,11036.11,0.0,0.0,0.0,0.0,0.0,0.0,0.0,0.0,0.0
SP1-3-2,2,3,SP1,3230,2140001,REP.MANT.VEHICLES.-EDUCACIO,400.0,0.0,400.0,142.84,201.91,201.91,201.91,201.91,201.91,198.09,10971.51,0.0,0.0,0.0,0.0,0.0,0.0,0.0,0.0,0.0
SG4-9-2,2,9,SG4,9206,2160001,REP.MANT.EQUIPS INFORMATICS.,5000.0,0.0,5000.0,5000.0,3476.59,3476.59,3476.59,3297.64,3297.64,0.0,52918.45,1523.41,0.0,0.0,178.95,0.0,0.0,0.0,0.0,0.0
SP1-2-2,2,2,SP1,2310,2200001,MAT. OFICINA ORDINARI.- ATENCIÓ PRIMARIA,700.0,0.0,700.0,158.81,621.51,621.51,621.51,621.51,621.51,78.49,11036.11,0.0,0.0,0.0,0.0,0.0,0.0,0.0,0.0,0.0
SP1-2-2,2,2,SP1,2311,2200001,MAT. OFICINA ORDINARI.- RGA,400.0,0.0,400.0,398.15,398.15,398.15,398.15,398.15,398.15,1.85,11036.11,0.0,0.0,0.0,0.0,0.0,0.0,0.0,0.0,0.0
SP3-3-2,2,3,SP3,3400,2200001,MAT. OFICINA ORDINARI.- ESPORTS,900.0,0.0,900.0,369.94,369.94,369.94,369.94,369.94,369.94,530.06,19838.26,0.0,0.0,0.0,0.0,0.0,0.0,0.0,0.0,0.0
SG1-9-2,2,9,SG1,9120,2200001,MAT. OFICINA ORDINARI.- ORG. GOVERN,100.0,0.0,100.0,0.0,0.0,0.0,0.0,0.0,0.0,100.0,49214.08,0.0,0.0,0.0,0.0,0.0,0.0,0.0,0.0,0.0
SG1-9-2,2,9,SG1,9250,2200001,MAT. OFICINA ORDINARI.- OAC,500.0,0.0,500.0,0.0,17.9,17.9,17.9,17.9,17.9,482.1,49214.08,0.0,0.0,0.0,0.0,0.0,0.0,0.0,0.0,0.0
SG4-9-2,2,9,SG4,9311,2200001,MAT. OFICINA ORDINARI.- GESTIÓ PRES.,18000.0,0.0,18000.0,14629.57,18018.85,18018.85,18018.85,15852.3,15852.3,-18.85,52918.45,0.0,0.0,0.0,2166.55,0.0,0.0,0.0,0.0,0.0
SP3-3-2,2,3,SP3,3322,2200101,"PREMSA, LLIBRES, SUBSCRIPCIONS- ARXIU",700.0,0.0,700.0,0.0,809.86,809.86,809.86,309.86,309.86,-109.86,19838.26,0.0,0.0,0.0,500.0,0.0,0.0,0.0,0.0,0.0
SG1-9-2,2,9,SG1,9120,2200101,"PREMSA,  LLIBRES, SUBSCRIP.- ORG. GOVERN",700.0,0.0,700.0,0.0,0.0,0.0,0.0,0.0,0.0,700.0,49214.08,0.0,0.0,0.0,0.0,0.0,0.0,0.0,0.0,0.0
SG4-9-2,2,9,SG4,9311,2200101,"PREMSA, LLIBRES, SUBSCRIP..- G. PRES.",600.0,0.0,600.0,60.0,560.0,560.0,560.0,560.0,560.0,40.0,52918.45,0.0,0.0,0.0,0.0,0.0,0.0,0.0,0.0,0.0
SG4-9-2,2,9,SG4,9311,2200201,MAT.INFORMÀTIC CONSUM. - GESTIÓ PRES.,3000.0,0.0,3000.0,887.5,887.5,887.5,887.5,887.5,887.5,2112.5,52918.45,0.0,0.0,0.0,0.0,0.0,0.0,0.0,0.0,0.0
CM1-1-2,2,1,CM1,1650,2210001,ENERGIA ELECTRICA.-ENLLUMENAT PUBLIC I EDIFICIS MPALS.,900000.0,0.0,900000.0,870000.0,865763.02,865763.02,865763.02,707929.2,707929.2,30000.0,16728.21,4236.98,0.0,0.0,157833.82,0.0,0.0,0.0,0.0,0.0
SP1-3-2,2,3,SP1,3230,2210101,SUBMINISTRAMENT D'AIGUA.- EDUCACIÓ,1400.0,0.0,1400.0,1400.0,1400.0,1400.0,1400.0,1400.0,1400.0,0.0,10971.51,0.0,0.0,0.0,0.0,0.0,0.0,0.0,0.0,0.0
SG5-1-2,2,1,SG5,1300,2210301,COMBUSTIBLE I CARBURANTS.- POLICIA,28000.0,0.0,28000.0,9549.66,19511.42,19511.42,19511.42,16893.59,16893.59,8488.58,44095.97,0.0,0.0,0.0,2617.83,0.0,0.0,0.0,0.0,0.0
CM1-1-2,2,1,CM1,1711,2210301,COMBUSTIBLE I CARBURANTS.-  MICROCIUTAT,18000.0,0.0,18000.0,8951.75,19461.37,19461.37,19461.37,16501.19,16501.19,-1461.37,16728.21,0.0,0.0,0.0,2960.18,0.0,0.0,0.0,0.0,0.0
CM1-1-2,2,1,CM1,1719,2210301,COMBUSTIBLES I CARB. - EDIFICIS MUNICIPALS,2000.0,0.0,2000.0,1165.42,1219.46,1219.46,219.46,165.42,165.42,780.54,16728.21,0.0,0.0,1000.0,54.04,0.0,0.0,0.0,0.0,0.0
SP1-2-2,2,2,SP1,2311,2210301,COMBUSTIBLE I CARBURANTS.- R.G.A,72000.0,0.0,72000.0,71099.17,82675.77,82675.77,81475.77,58621.06,58621.06,-10675.77,11036.11,0.0,0.0,1200.0,22854.71,0.0,0.0,0.0,0.0,0.0
SP1-3-2,2,3,SP1,3110,2210301,COMBUSTIBLE I CARBURANTS.- LLACER,500.0,0.0,500.0,0.0,0.0,0.0,0.0,0.0,0.0,500.0,10971.51,0.0,0.0,0.0,0.0,0.0,0.0,0.0,0.0,0.0
SP1-3-2,2,3,SP1,3230,2210301,COMBUSTIBLE I CARBURANTS.-EDUCACIO,58000.0,0.0,58000.0,31559.89,38023.95,38023.95,37773.95,31295.81,31295.81,19976.05,10971.51,0.0,0.0,250.0,6478.14,0.0,0.0,0.0,0.0,0.0
SP3-3-2,2,3,SP3,3400,2210301,COMBUSTIBLE I CARBURANTS.-ESPORTS,75000.0,0.0,75000.0,28309.88,36887.34,36887.34,36517.34,25217.54,25217.54,35444.25,19838.26,2668.41,0.0,370.0,11299.8,0.0,0.0,0.0,0.0,0.0
SG5-1-2,2,1,SG5,1300,2210401,VESTUARI.-POLICIA,38000.0,0.0,38000.0,0.0,33281.03,33281.03,31938.39,27357.61,27357.61,4718.97,44095.97,0.0,0.0,1342.64,4580.78,0.0,0.0,0.0,517.89,0.0
CM1-1-2,2,1,CM1,1711,2210401,VESTUARI. -  MICROCIUTAT,18000.0,0.0,18000.0,9542.63,9984.65,9984.65,9984.65,9462.86,9462.86,8015.35,16728.21,0.0,0.0,0.0,521.79,0.0,0.0,0.0,0.0,0.0
CM1-1-2,2,1,CM1,1719,2210401,VESTUARI. - EDIFICIS MUNICIPALS,3000.0,0.0,3000.0,2251.45,2494.51,2494.51,2494.51,1566.4,1566.4,505.49,16728.21,0.0,0.0,0.0,928.11,0.0,0.0,0.0,0.0,0.0
SP1-2-2,2,2,SP1,2310,2210401,"VESTUARI,-ATENCIÓ PRIMÀRIA",350.0,0.0,350.0,199.85,199.85,199.85,199.85,199.85,199.85,150.15,11036.11,0.0,0.0,0.0,0.0,0.0,0.0,0.0,0.0,0.0
SP1-2-2,2,2,SP1,2311,2210401,"VESTUARI,-R.G.A",6000.0,0.0,6000.0,5999.1,5999.1,5999.1,5999.1,5999.1,5999.1,0.9,11036.11,0.0,0.0,0.0,0.0,0.0,0.0,0.0,0.0,0.0
SP1-3-2,2,3,SP1,3230,2210401,VESTUARI.- EDUCACIÓ,300.0,0.0,300.0,186.89,186.89,186.89,186.89,186.89,186.89,113.11,10971.51,0.0,0.0,0.0,0.0,0.0,0.0,0.0,0.0,0.0
SP3-3-2,2,3,SP3,3400,2210401,VESTUARI ESPORTS,5000.0,0.0,5000.0,1616.49,2608.17,2608.17,2608.17,1420.76,1420.76,2391.83,19838.26,0.0,0.0,0.0,1187.41,0.0,0.0,0.0,0.0,0.0
SP1-2-2,2,2,SP1,2311,2210501,PRODUCTES ALIMENTICIS.-RGA,170000.0,0.0,170000.0,170000.0,171722.33,171722.33,158118.41,131014.93,131014.93,-2635.8,11036.11,913.47,0.0,13603.92,27103.48,0.0,0.0,0.0,0.0,0.0
SP1-2-2,2,2,SP1,2311,2210601,PRODUCTES FARMACÈUTICS.-R.G.A,3000.0,0.0,3000.0,2137.76,2137.76,2137.76,2137.76,1304.84,1304.84,862.24,11036.11,0.0,0.0,0.0,832.92,0.0,0.0,0.0,0.0,0.0
SP3-3-2,2,3,SP3,3400,2210601,PRODUCTES FARMACÈUTICS.-ESPORTS,1000.0,0.0,1000.0,219.0,219.0,219.0,219.0,219.0,219.0,781.0,19838.26,0.0,0.0,0.0,0.0,0.0,0.0,0.0,0.0,0.0
SP1-2-2,2,2,SP1,2311,2211001,PRODUCTES DE HIGIENE.-R.G.A,18000.0,0.0,18000.0,17713.36,23119.8,23119.8,23119.8,17713.36,17713.36,-5119.8,11036.11,0.0,0.0,0.0,5406.44,0.0,0.0,0.0,0.0,0.0
SG5-1-2,2,1,SG5,1300,2219901,PRODUCTES VARIS.-  POLICIA,20000.0,0.0,20000.0,182.3,9403.52,9403.52,9403.52,8683.57,8683.57,10596.48,44095.97,0.0,0.0,0.0,719.95,0.0,0.0,0.0,0.0,0.0
CM2-1-2,2,1,CM2,1512,2219901,PRODUCTES VARIS.- OBRA PUBLICA,800.0,0.0,800.0,502.37,502.37,502.37,502.37,502.37,502.37,297.63,41301.79,0.0,0.0,0.0,0.0,0.0,0.0,0.0,0.0,0.0
SP1-2-2,2,2,SP1,2311,2219901,PRODUCTES VARIS.- R.G.A,6000.0,0.0,6000.0,5995.95,6293.16,6293.16,6293.16,5995.95,5995.95,-293.16,11036.11,0.0,0.0,0.0,297.21,0.0,0.0,0.0,0.0,0.0
SP1-3-2,2,3,SP1,3231,2219901,MATERIALS DIVERS - ESCOLES INFANTILS 0-3,14000.0,0.0,14000.0,2739.8,2807.73,2807.73,2807.73,2481.61,2481.61,11192.27,10971.51,0.0,0.0,0.0,326.12,0.0,0.0,0.0,0.0,0.0
SP3-3-2,2,3,SP3,3400,2219901,PRODUCTES VARIS.- ESPORTS,10000.0,0.0,10000.0,14415.13,15819.64,15819.64,15819.64,14415.13,14415.13,-5819.64,19838.26,0.0,0.0,0.0,1404.51,0.0,0.0,0.0,0.0,0.0
SG4-9-2,2,9,SG4,9206,2219901,PRODUCTES VARIS.-  INFORMATICA,4000.0,0.0,4000.0,4000.0,7080.36,7080.36,7080.36,4000.0,4000.0,-3080.36,52918.45,0.0,0.0,0.0,3080.36,0.0,0.0,0.0,0.0,0.0
SG4-9-2,2,9,SG4,9311,2219901,PRODUCTES VARIS.- GESTIÓ PRES.,3000.0,0.0,3000.0,1237.73,1237.73,1237.73,1237.73,617.47,617.47,1762.27,52918.45,0.0,0.0,0.0,620.26,0.0,0.0,0.0,0.0,0.0
SG4-9-2,2,9,SG4,9206,2220001,COMUNICACIONS TELEFÒNIQUES.,50000.0,0.0,50000.0,50000.0,35830.8,35830.8,31687.99,30837.09,30837.09,0.0,52918.45,14169.2,0.0,4142.81,850.9,0.0,0.0,0.0,0.0,0.0
SG4-9-2,2,9,SG4,9340,2220101,COM. POSTALS (SEGELLS).- G. FINANCERA,70000.0,0.0,70000.0,10108.6,21038.92,21038.92,21038.92,19162.41,19162.41,48961.08,52918.45,0.0,0.0,0.0,1876.51,0.0,0.0,0.0,0.0,0.0
SG5-1-2,2,1,SG5,1300,2240001,ASSEGURANCES.-POLICIA,8000.0,0.0,8000.0,0.0,7569.08,7569.08,7569.08,7569.08,7569.08,430.92,44095.97,0.0,0.0,0.0,0.0,0.0,0.0,0.0,0.0,0.0
CM1-1-2,2,1,CM1,1711,2240001,ASSEGURANCES,0.0,0.0,0.0,0.0,397.12,397.12,397.12,0.0,0.0,-397.12,16728.21,0.0,0.0,0.0,397.12,0.0,0.0,0.0,0.0,0.0
SP1-2-2,2,2,SP1,2310,2240001,ASSEGURANCES,0.0,0.0,0.0,0.0,685.02,685.02,685.02,685.02,685.02,-685.02,11036.11,0.0,0.0,0.0,0.0,0.0,0.0,0.0,0.0,0.0
SP1-2-2,2,2,SP1,2311,2240001,ASSEGURANCES.-R.G.A,7500.0,0.0,7500.0,7103.43,7103.43,7103.43,7103.43,7103.43,7103.43,396.57,11036.11,0.0,0.0,0.0,0.0,0.0,0.0,0.0,0.0,0.0
SP1-3-2,2,3,SP1,3230,2240001,ASSEGURANCES.- EDUCACIO,350.0,0.0,350.0,350.0,350.0,350.0,350.0,350.0,350.0,0.0,10971.51,0.0,0.0,0.0,0.0,0.0,0.0,0.0,0.0,0.0
SP3-3-2,2,3,SP3,3380,2240001,ASSEGURANCES.-FESTES,12000.0,0.0,12000.0,5532.98,5532.98,5532.98,5532.98,2387.3,2387.3,6467.02,19838.26,0.0,0.0,0.0,3145.68,0.0,0.0,0.0,0.0,0.0
SP3-3-2,2,3,SP3,3400,2240001,ASSEGURANCES ESPORTS,5000.0,0.0,5000.0,2328.94,3422.47,3422.47,3422.47,3422.47,3422.47,1577.53,19838.26,0.0,0.0,0.0,0.0,0.0,0.0,0.0,0.0,0.0
SG1-9-2,2,9,SG1,9202,2240001,ASSEGURANCES.-SECRETARIA,60000.0,0.0,60000.0,39000.0,48219.1,48219.1,48219.1,44609.55,44609.55,11780.9,49214.08,0.0,0.0,0.0,3609.55,0.0,0.0,0.0,0.0,0.0
CM1-1-2,2,1,CM1,1610,2250001,TRIBUTS.- AIGUA I SANEJAMENT,25000.0,0.0,25000.0,24296.47,25173.18,25173.18,25173.18,19148.06,19148.06,-173.18,16728.21,0.0,0.0,0.0,6025.12,0.0,0.0,0.0,0.0,0.0
CM1-1-2,2,1,CM1,1532,2260001,CONCESSIÓN CANON COSTES- CASETA CREU ROJA,2000.0,0.0,2000.0,0.0,0.0,0.0,0.0,0.0,0.0,2000.0,16728.21,0.0,0.0,0.0,0.0,0.0,0.0,0.0,0.0,0.0
CM1-1-2,2,1,CM1,1610,2260001,CONCESSIONS ADMINISTRATIVES.-AIGUA,10000.0,0.0,10000.0,4018.59,4018.59,4018.59,4018.59,4018.59,4018.59,5981.41,16728.21,0.0,0.0,0.0,0.0,0.0,0.0,0.0,0.0,0.0
SG1-9-2,2,9,SG1,9120,2260101,ATENCIONS REPRESENTATIVES.- ORG. GOV.,10000.0,0.0,10000.0,0.0,6000.0,6000.0,6000.0,6000.0,6000.0,4000.0,49214.08,0.0,0.0,0.0,0.0,0.0,0.0,0.0,0.0,0.0
CM2-1-2,2,1,CM2,1511,2260201,PUBLICITAT I PROPAGANDA.-  URBANISME,3000.0,0.0,3000.0,2383.34,2383.34,2383.34,2383.34,1413.04,1413.04,616.66,41301.79,0.0,0.0,0.0,970.3,0.0,0.0,0.0,0.0,0.0
SP1-1-2,2,1,SP1,1522,2260201,PUBLICITAT I PROPAGANDA- HABITATGE,1500.0,0.0,1500.0,1500.0,1500.0,1500.0,1500.0,1500.0,1500.0,0.0,2726.8,0.0,0.0,0.0,0.0,0.0,0.0,0.0,0.0,0.0
CM6-1-2,2,1,CM6,1721,2260201,PUBLICITAT I PROPAGANDA.- MEDI AMBIENT,10000.0,0.0,10000.0,8066.38,8397.32,8397.32,8397.32,8066.38,8066.38,1602.68,1435.0,0.0,0.0,0.0,330.94,0.0,0.0,0.0,0.0,0.0
SP1-2-2,2,2,SP1,2310,2260201,PUBLICITAT I PROPAGANDA.-  ATE.PRIMÀRIA,4000.0,0.0,4000.0,4000.0,5006.72,5006.72,5006.72,4000.0,4000.0,-1006.72,11036.11,0.0,0.0,0.0,1006.72,0.0,0.0,0.0,0.0,0.0
SP1-3-2,2,3,SP1,3230,2260201,PUBLICITAT I PROPAGANDA.- EDUCACIO,300.0,0.0,300.0,42.35,42.35,42.35,42.35,42.35,42.35,257.65,10971.51,0.0,0.0,0.0,0.0,0.0,0.0,0.0,0.0,0.0
SP1-3-2,2,3,SP1,3260,2260201,PUBLICITAT I PROPAGANDA.- ESC.MUNICIPALS,1500.0,0.0,1500.0,1493.14,1493.14,1493.14,1493.14,1493.14,1493.14,6.86,10971.51,0.0,0.0,0.0,0.0,0.0,0.0,0.0,0.0,0.0
SP3-3-2,2,3,SP3,3322,2260201,PUBLICITAT I PROPAGANDA.- ARXIU,1000.0,0.0,1000.0,0.0,681.25,681.25,681.25,672.76,672.76,318.75,19838.26,0.0,0.0,0.0,8.49,0.0,0.0,0.0,0.0,0.0
SP3-3-2,2,3,SP3,3341,2260201,PUBLICITAT I PROPAGANDA.- CENTRE ART HDEZ  SANZ,5000.0,0.0,5000.0,0.0,4514.57,4514.57,4514.57,4514.57,4514.57,485.43,19838.26,0.0,0.0,0.0,0.0,0.0,0.0,0.0,0.0,0.0
SP3-3-2,2,3,SP3,3344,2260201,PUBLICITAT I PROPAGANDA.- PROMO. CULT.,14800.0,0.0,14800.0,3882.19,3882.19,3882.19,3882.19,3882.19,3882.19,10917.81,19838.26,0.0,0.0,0.0,0.0,0.0,0.0,0.0,0.0,0.0
SP3-3-2,2,3,SP3,3370,2260201,PUBLICITAT I PROPAGANDA.-OCI I TEMPS LLIURE,1000.0,0.0,1000.0,390.51,390.51,390.51,390.51,390.51,390.51,609.49,19838.26,0.0,0.0,0.0,0.0,0.0,0.0,0.0,0.0,0.0
SP3-3-2,2,3,SP3,3380,2260201,PUBLICITAT I PROPAGANDA.- FESTES,24000.0,0.0,24000.0,22184.92,25508.79,25508.79,25508.79,21569.76,21569.76,-1508.79,19838.26,0.0,0.0,0.0,3939.03,0.0,0.0,0.0,0.0,0.0
SG8-4-2,2,4,SG8,4310,2260201,PUBLICITAT I PROPAGANDA.-COMERÇ,4000.0,0.0,4000.0,0.0,9091.75,9091.75,9091.75,7743.2,7743.2,-5091.75,44627.58,0.0,0.0,0.0,1348.55,0.0,0.0,0.0,0.0,0.0
SG8-4-2,2,4,SG8,4320,2260201,PUBLICITAT I PROPAGANDA.-TURISME,6000.0,0.0,6000.0,0.0,4343.7,4343.7,4343.7,4343.7,4343.7,1656.3,44627.58,0.0,0.0,0.0,0.0,0.0,0.0,0.0,0.0,0.0
SG1-9-2,2,9,SG1,9202,2260201,PUBLICITAT I PROPAGANDA.- SECRETARIA,300.0,0.0,300.0,0.0,0.0,0.0,0.0,0.0,0.0,300.0,49214.08,0.0,0.0,0.0,0.0,0.0,0.0,0.0,0.0,0.0
SG1-9-2,2,9,SG1,9203,2260201,PUBLICITAT I PROPAGANDA.-CONTRACTACIO,6000.0,0.0,6000.0,0.0,7902.86,7902.86,7902.86,7726.44,7726.44,-1902.86,49214.08,0.0,0.0,0.0,176.42,0.0,0.0,0.0,0.0,0.0
SG1-9-2,2,9,SG1,9250,2260201,PUBLICITAT I PROPAGANDA.- OAC,1000.0,0.0,1000.0,0.0,0.0,0.0,0.0,0.0,0.0,1000.0,49214.08,0.0,0.0,0.0,0.0,0.0,0.0,0.0,0.0,0.0
SG1-9-2,2,9,SG1,9260,2260201,PUBLICITAT I PROPAGANDA.-COMUNICACIO,20000.0,0.0,20000.0,0.0,28262.55,28262.55,28262.55,24528.49,24528.49,-8262.55,49214.08,0.0,0.0,0.0,3734.06,0.0,0.0,0.0,968.0,0.0
CM2-1-2,2,1,CM2,1511,2260401,DESPESES JURÍDIQUES.-URBANISME,2500.0,0.0,2500.0,2450.0,15914.58,15914.58,15914.58,2180.93,2180.93,-13683.65,41301.79,269.07,0.0,0.0,13733.65,0.0,0.0,0.0,69.09,0.0
SG1-9-2,2,9,SG1,9202,2260401,DESPESES JURIDIQUES.- SECRETARIA,18000.0,0.0,18000.0,0.0,15400.37,15400.37,15400.37,15305.83,15305.83,2599.63,49214.08,0.0,0.0,0.0,94.54,0.0,0.0,0.0,0.0,0.0
SP3-3-2,2,3,SP3,3341,2260601,CURSOS PER AL PERSONAL,0.0,0.0,0.0,0.0,0.0,0.0,0.0,0.0,0.0,0.0,19838.26,0.0,0.0,0.0,0.0,0.0,0.0,0.0,0.0,0.0
SG1-9-2,2,9,SG1,9205,2260601,CURSOS FORMACIÓN INTERNA S.-RRHH,4000.0,0.0,4000.0,0.0,4728.72,4728.72,4728.72,4728.72,4728.72,-728.72,49214.08,0.0,0.0,0.0,0.0,0.0,0.0,0.0,0.0,0.0
SG5-1-2,2,1,SG5,1300,2269901,ALTRES DESPESES VÀRIES.- POLICIA,16000.0,0.0,16000.0,5403.09,18538.68,18538.68,18538.68,17282.21,17282.21,-2824.26,44095.97,285.58,0.0,0.0,1256.47,0.0,0.0,0.0,0.0,0.0
CM2-1-2,2,1,CM2,1511,2269901,ALTRES DESPESES VÀRIES.- URBANISME,4500.0,0.0,4500.0,4198.45,4561.45,4561.45,4561.45,3991.93,3991.93,-61.45,41301.79,0.0,0.0,0.0,569.52,0.0,0.0,0.0,0.0,0.0
CM2-1-2,2,1,CM2,1512,2269901,ALTRES DESPESES VÀRIES - OBRA PUBLICA,0.0,0.0,0.0,0.0,1043.38,1043.38,1043.38,1043.38,1043.38,-1043.38,41301.79,0.0,0.0,0.0,0.0,0.0,0.0,0.0,101.91,0.0
SP1-1-2,2,1,SP1,1522,2269901,ALTRES DESPESES.- HABITATGE,15000.0,17114.0,32114.0,20750.0,25342.33,25342.33,25342.33,17130.11,17130.11,6771.67,2726.8,0.0,0.0,0.0,8212.22,0.0,0.0,0.0,0.0,0.0
CM1-1-2,2,1,CM1,1621,2269901,ALTRES DESPESES VARIES.-RSU,30000.0,0.0,30000.0,26436.98,26436.98,26436.98,26436.98,24636.5,24636.5,3563.02,16728.21,0.0,0.0,0.0,1800.48,0.0,0.0,0.0,0.0,0.0
SP1-1-2,2,1,SP1,1640,2269901,ALTRES DESPESES VÀRIES.- SANITAT,550.0,0.0,550.0,524.49,527.18,527.18,527.18,524.49,524.49,22.82,2726.8,0.0,0.0,0.0,2.69,0.0,0.0,0.0,0.0,0.0
CM1-1-2,2,1,CM1,1711,2269901,ALTRES DESPESES VARIES.- MICROCIUTAT,10000.0,0.0,10000.0,9986.26,21018.91,21018.91,21018.91,9550.66,9550.66,-11018.91,16728.21,0.0,0.0,0.0,11468.25,0.0,0.0,0.0,0.0,0.0
CM1-1-2,2,1,CM1,1719,2269901,ALTRES DESPESES VÀRIES- EDIFICIS MUNICIPALS,8000.0,5000.0,13000.0,7975.66,7984.13,7984.13,7984.13,7975.66,7975.66,5015.87,16728.21,0.0,0.0,0.0,8.47,0.0,0.0,0.0,0.0,0.0
CM6-1-2,2,1,CM6,1721,2269901,ALTRES DESPESES VARIES.-MEDI AMBIENT,25000.0,2951.35,27951.35,24999.54,25023.74,25023.74,25023.74,24999.54,24999.54,2927.61,1435.0,0.0,0.0,0.0,24.2,0.0,0.0,0.0,0.0,0.0
SP1-2-2,2,2,SP1,2310,2269901,ALTRES DESPESES VÀRIES.- ATENCIO PRIMÀRIA,6100.0,2047.11,8147.11,4589.68,8978.63,8978.63,8978.63,5207.37,5207.37,-1039.13,11036.11,207.61,0.0,0.0,3771.26,0.0,0.0,0.0,0.0,0.0
SP1-2-2,2,2,SP1,2311,2269901,ALTRES DESPESES VÀRIES.- R.G.A.,3000.0,0.0,3000.0,3000.0,3646.9,3646.9,3646.9,2444.05,2444.05,-1202.85,11036.11,555.95,0.0,0.0,1202.85,0.0,0.0,0.0,0.0,0.0
SG8-2-2,2,2,SG8,2410,2269901,ALTRES DESPESES VARIES.-FOR. OCUPACIO CURSOS,100000.0,-21931.95,78068.05,29255.08,79226.9,79226.9,78866.9,73821.58,73808.67,-1373.89,302.46,215.04,0.0,360.0,5045.32,12.91,3780.0,0.0,145.2,0.0
SP1-3-2,2,3,SP1,3110,2269901,ALTRES DESPESES VÀRIES.- SANITAT,4300.0,0.0,4300.0,600.0,263.74,263.74,263.74,263.74,263.74,3697.02,10971.51,339.24,0.0,0.0,0.0,0.0,0.0,0.0,0.0,0.0
SP1-3-2,2,3,SP1,3230,2269901,ALTRES DESPESES VARIES.-EDUCACIO,35000.0,40456.0,75456.0,97355.92,102682.93,102682.93,102682.93,94942.69,94942.69,-29356.32,10971.51,2129.39,0.0,0.0,7740.24,0.0,0.0,0.0,0.0,0.0
SP1-3-2,2,3,SP1,3231,2269901,ALTRES DESPESES VÀRIES - EDUCACIÓ 0-3,16000.0,0.0,16000.0,15158.63,18944.94,18944.94,18944.94,14260.99,14260.99,-2944.94,10971.51,0.0,0.0,0.0,4683.95,0.0,0.0,0.0,0.0,0.0
SP1-3-2,2,3,SP1,3260,2269901,ALTRES DESPESES VARIES.-ESC. MUNICIP.,8500.0,-2770.0,5730.0,5440.92,5484.11,5484.11,5484.11,5343.45,5343.45,205.25,10971.51,40.64,0.0,0.0,140.66,0.0,0.0,0.0,0.0,0.0
SP3-3-2,2,3,SP3,3322,2269901,ALTRES DESPESES VARIES.-ARXIU,15000.0,0.0,15000.0,0.0,15035.49,15035.49,15035.49,14977.9,14977.9,-35.49,19838.26,0.0,0.0,0.0,57.59,0.0,0.0,0.0,0.0,0.0
SP3-3-2,2,3,SP3,3344,2269901,ALTRES DESPESES VARIES.-PROMO. CULT.,50000.0,-1225.0,48775.0,48620.42,54388.73,54388.73,54388.73,48618.42,48618.42,-5613.73,19838.26,0.0,0.0,0.0,5770.31,0.0,0.0,0.0,1029.2,0.0
SP3-3-2,2,3,SP3,3370,2269901,ALTRES DESPESES VARIES.-OCI I TEMPS LLIURE,30000.0,0.0,30000.0,27893.3,36945.45,36945.45,36945.45,29919.67,29769.67,-6949.53,19838.26,4.08,0.0,0.0,7025.78,150.0,0.0,0.0,0.0,0.0
SP3-3-2,2,3,SP3,3380,2269901,FESTES POPULARS.-FESTES,214400.0,-7920.14,206479.86,203179.86,202990.83,202990.83,202990.83,195778.73,194637.93,-1664.28,19838.26,5153.31,0.0,0.0,7212.1,1140.8,0.0,0.0,0.0,0.0
SP3-3-2,2,3,SP3,3400,2269901,ALTRES DESPESES VÀRIES.- ESPORTS,15000.0,0.0,15000.0,19979.95,31113.98,31113.98,31113.98,24927.42,24927.42,-16218.51,19838.26,104.53,0.0,0.0,6186.56,0.0,0.0,0.0,0.0,0.0
SG8-4-2,2,4,SG8,4310,2269901,ALTRES DESPESES VÀRIES - COMERÇ,45000.0,21953.0,66953.0,709.78,62498.31,62498.31,61984.05,59875.65,59875.65,4454.69,44627.58,0.0,0.0,514.26,2108.4,0.0,0.0,0.0,508.2,0.0
SG8-4-2,2,4,SG8,4312,2269901,ALTRES DESPESES VARIES.- PEIXATERIA,10000.0,0.0,10000.0,0.0,23634.48,23634.48,23634.48,16829.53,16829.53,-13634.48,44627.58,0.0,0.0,0.0,6804.95,0.0,0.0,0.0,0.0,0.0
SG8-4-2,2,4,SG8,4320,2269901,ALTRES DESPESES VÀRIES -TURISME,33000.0,0.0,33000.0,0.0,14733.32,14733.32,14733.32,14733.32,14733.32,18266.68,44627.58,0.0,0.0,0.0,0.0,0.0,0.0,0.0,0.0,0.0
SG1-9-2,2,9,SG1,9120,2269901,ALTRES DESPESES VÀRIES.- ORG GOVERN,15000.0,10000.0,25000.0,7318.98,86207.49,86207.49,86207.49,62028.53,59394.96,-61219.3,49214.08,11.81,0.0,0.0,24178.96,2633.57,0.0,0.0,0.0,0.0
SG1-9-2,2,9,SG1,9202,2269901,ALTRES DESPESES VARIES.-SECRETARIA,4800.0,0.0,4800.0,0.0,3186.56,3186.56,3186.56,3064.87,3064.87,1613.44,49214.08,0.0,0.0,0.0,121.69,0.0,0.0,0.0,0.0,0.0
SG1-9-2,2,9,SG1,9203,2269901,ALTRES DESPESES VARIES.- CONTRACTACIÓ,2000.0,0.0,2000.0,0.0,0.0,0.0,0.0,0.0,0.0,2000.0,49214.08,0.0,0.0,0.0,0.0,0.0,0.0,0.0,0.0,0.0
SG1-9-2,2,9,SG1,9205,2269901,ALTRES DESPESES VARIES.-RRHH,12405.0,0.0,12405.0,0.0,431.95,431.95,431.95,431.95,431.95,11973.05,49214.08,0.0,0.0,0.0,0.0,0.0,0.0,0.0,209.09,0.0
SG4-9-2,2,9,SG4,9206,2269901,ALTRES DESPESES VARIES.- INFORMATICA,5000.0,0.0,5000.0,5000.0,4966.16,4966.16,4966.16,4942.15,4881.71,0.0,52918.45,33.84,0.0,0.0,24.01,60.44,0.0,0.0,0.0,0.0
SG1-9-2,2,9,SG1,9250,2269901,ALTRES DESPESES VARIES.-OAC,700.0,0.0,700.0,0.0,41.93,41.93,41.93,41.93,41.93,658.07,49214.08,0.0,0.0,0.0,0.0,0.0,0.0,0.0,0.0,0.0
SG1-9-2,2,9,SG1,9260,2269901,ALTRES DESPESES VÀRIES.- COMUNICACIÓ,25000.0,0.0,25000.0,0.0,17751.37,17751.37,17751.37,16541.37,16541.37,7248.63,49214.08,0.0,0.0,0.0,1210.0,0.0,0.0,0.0,0.0,0.0
SG4-9-2,2,9,SG4,9311,2269901,ALTRES DESPESES VARIES.-GESTIÓ  PRES.,1000.0,0.0,1000.0,186.88,1021.47,1021.47,1021.47,1021.47,1021.47,-21.47,52918.45,0.0,0.0,0.0,0.0,0.0,0.0,0.0,0.0,0.0
SG4-9-2,2,9,SG4,9340,2269901,ALTRES DESPESES VARIES.- G. FINANCERA,3000.0,0.0,3000.0,670.3,1088.48,1088.48,1088.48,1088.48,1088.48,1911.52,52918.45,0.0,0.0,0.0,0.0,0.0,0.0,0.0,0.0,0.0
SG5-1-2,2,1,SG5,1300,2269902,DESPESES PROTECCIO CIVIL POLICIA,10000.0,0.0,10000.0,137.06,7777.94,7777.94,7777.94,6900.74,6900.74,2222.06,44095.97,0.0,0.0,0.0,877.2,0.0,0.0,0.0,0.0,0.0
SP1-2-2,2,2,SP1,2310,2269902,ALTRES DESPESES VARIES.- MEDIACIÓ SOC.,35000.0,-2456.0,32544.0,32506.8,33506.93,33506.93,33506.93,32506.8,32506.8,-962.93,11036.11,0.0,0.0,0.0,1000.13,0.0,0.0,0.0,0.0,0.0
SP3-3-2,2,3,SP3,3341,2269902,ALTRES DESPESES VÀRIES.- CENTRE ART HDEZ SANZ,20000.0,0.0,20000.0,171.66,20032.22,20032.22,20032.22,19975.23,19975.23,-32.22,19838.26,0.0,0.0,0.0,56.99,0.0,0.0,0.0,0.0,0.0
CM1-1-2,2,1,CM1,1711,2270001,CONTR. SERVEI DE NETEJA EDIFICIS.- MICROCIUTAT,800000.0,0.0,800000.0,760546.6,760546.6,760546.6,760546.6,760512.72,760512.72,39453.4,16728.21,0.0,0.0,0.0,33.88,0.0,136268.36,0.0,0.0,0.0
SG4-9-2,2,9,SG4,9340,2270401,DESPESES CUSTODIA I MANTENIMENT C/C,10000.0,0.0,10000.0,1322.55,15434.79,15434.79,15434.79,15434.79,15434.79,-5434.79,52918.45,0.0,0.0,0.0,0.0,0.0,0.0,0.0,0.0,0.0
SG5-1-2,2,1,SG5,1300,2270601,CONTR.SERV.ESTUD.TREB.TEC.- POLICIA,40000.0,-6000.0,34000.0,0.0,6574.32,6574.32,6574.32,6235.52,6235.52,27425.68,44095.97,0.0,0.0,0.0,338.8,0.0,0.0,0.0,0.0,0.0
CM2-1-2,2,1,CM2,1511,2270601,CONTR.SERV.ESTUD.TREB.TEC.- URBANISME,90000.0,53793.85,143793.85,63653.21,117447.06,99447.07,43366.74,43366.74,40807.59,26346.79,41301.79,0.0,17999.99,56080.33,0.0,2559.15,0.0,0.0,0.0,0.0
CM2-1-2,2,1,CM2,1512,2270601,CONTR.SERV.ESTUD.TREB.TEC.- OBRA PÚB.,100000.0,0.0,100000.0,85973.84,85973.84,85973.84,66521.61,50229.38,38734.38,14026.16,41301.79,0.0,0.0,19452.23,16292.23,11495.0,0.0,0.0,0.0,0.0
CM1-1-2,2,1,CM1,1610,2270601,CONTR.SERV.ESTUD.TRAB.TEC..- AIGUA I SANEJAMENT,0.0,2420.0,2420.0,0.0,14308.25,10285.0,10285.0,7562.5,7562.5,-11888.25,16728.21,0.0,4023.25,0.0,2722.5,0.0,0.0,0.0,0.0,0.0
SP1-1-2,2,1,SP1,1640,2270601,"CONTRACT. ESTUDIS, TREBALLS, - CEMENTIRI",0.0,0.0,0.0,0.0,0.0,0.0,0.0,0.0,0.0,0.0,2726.8,0.0,0.0,0.0,0.0,0.0,0.0,0.0,0.0,0.0
CM1-1-2,2,1,CM1,1710,2270601,CONTR.SERV.ESTUD.TRAB.TEC.PARCS I JARDINS,300000.0,0.0,300000.0,299904.68,346396.52,346396.52,346396.52,276658.76,276658.76,-46396.52,16728.21,0.0,0.0,0.0,69737.76,0.0,0.0,0.0,0.0,0.0
CM1-1-2,2,1,CM1,1711,2270601,CONTR.SERV.ESTUD.TREB.TEC.-  MICROCIUTAT,30000.0,0.0,30000.0,14872.03,36342.27,36342.27,36342.27,14872.03,14473.27,-6342.27,16728.21,0.0,0.0,0.0,21470.24,398.76,0.0,0.0,0.0,0.0
SP1-2-2,2,2,SP1,2310,2270601,CONTR.SERV.ESTUD.TRAB.TEC.- ATENCIÓ PRIMÀRIA,35600.0,-2400.0,33200.0,15793.37,15793.37,15793.37,15793.37,15793.37,15793.37,17406.63,11036.11,0.0,0.0,0.0,0.0,0.0,0.0,0.0,0.0,0.0
SP3-3-2,2,3,SP3,3322,2270601,CONTR.SERV.ESTUD.TREB.TEC.- ARXIU,6500.0,4322.0,10822.0,0.0,14829.92,14829.92,10507.92,6500.0,6500.0,-4007.92,19838.26,0.0,0.0,4322.0,4007.92,0.0,0.0,0.0,0.0,0.0
SP3-3-2,2,3,SP3,3341,2270601,CENTRE HDEZ SANZ -.- RESTAURACIÓ BÉNS,0.0,5000.0,5000.0,5000.0,5000.0,5000.0,5000.0,5000.0,5000.0,0.0,0.0,0.0,0.0,0.0,0.0,0.0,0.0,0.0,0.0,0.0
SP3-3-2,2,3,SP3,3400,2270601,CONTR.SERV.ESTUD.TREB.TEC.- ESPORTS,15000.0,3246.12,18246.12,5043.23,17657.48,17657.48,14934.98,5043.23,5043.23,588.64,19838.26,0.0,0.0,2722.5,9891.75,0.0,0.0,0.0,0.0,0.0
SG8-4-2,2,4,SG8,4310,2270601,CONTR.SERV.ESTUD.TREB.TEC.- COMERÇ,55000.0,0.0,55000.0,0.0,35353.83,35353.83,35068.65,35068.65,35068.65,19646.17,44627.58,0.0,0.0,285.18,0.0,0.0,0.0,0.0,0.0,0.0
SG8-4-2,2,4,SG8,4312,2270601,CONTR.SERV.ESTUD.TRAB.TEC.- ASSENTADORS  MERCATS,18000.0,0.0,18000.0,4758.7,10576.25,10576.25,10576.25,8640.83,8640.83,7423.75,44627.58,0.0,0.0,0.0,1935.42,0.0,0.0,0.0,0.0,0.0
SG8-4-2,2,4,SG8,4320,2270601,CONTR.SERV.ESTUD.TREB.TEC.- TURISME,18000.0,0.0,18000.0,0.0,9039.11,9039.11,9039.11,9039.11,9039.11,8960.89,44627.58,0.0,0.0,0.0,0.0,0.0,0.0,0.0,0.0,0.0
SG1-9-2,2,9,SG1,9120,2270601,CONTR.SERV.ESTUD.TRAB.TEC.- ORG. GOVERN,21000.0,0.0,21000.0,0.0,25416.86,25416.86,22170.43,21060.86,21060.86,-4416.86,49214.08,0.0,0.0,3246.43,1109.57,0.0,0.0,0.0,0.0,0.0
SG1-9-2,2,9,SG1,9202,2270601,CONTR.SERV.ESTUD.TREB.TEC.- SECRETARIA,12000.0,0.0,12000.0,0.0,1053.84,1053.84,1053.84,0.0,0.0,10946.16,49214.08,0.0,0.0,0.0,1053.84,0.0,0.0,0.0,0.0,0.0
SG1-9-2,2,9,SG1,9205,2270601,CONTR.SERV.ESTUD.TREB.TEC.- RRHH,25000.0,0.0,25000.0,0.0,0.0,0.0,0.0,0.0,0.0,25000.0,49214.08,0.0,0.0,0.0,0.0,0.0,0.0,0.0,0.0,0.0
SG4-9-2,2,9,SG4,9206,2270601,CONTR.SERV.ESTUD.TREB.TEC.- INFORMATI.,181000.0,0.0,181000.0,181000.0,171161.66,171161.66,171161.66,169553.67,169553.67,-363.0,52918.45,10201.34,0.0,0.0,1607.99,0.0,0.0,0.0,0.0,0.0
SG1-9-2,2,9,SG1,9260,2270601,CONTR.SERV.ESTUD.TREB.TEC.-COMUNICAC.,25000.0,0.0,25000.0,0.0,1298.94,1298.94,1298.94,1298.94,1298.94,23701.06,49214.08,0.0,0.0,0.0,0.0,0.0,0.0,0.0,0.0,0.0
SG4-9-2,2,9,SG4,9311,2270601,CONTR.SERV.ESTUD.TRAB.TEC..- GESTIÓ PRESSUPOSTÀRIA,0.0,45000.0,45000.0,0.0,45000.0,30250.0,0.0,0.0,0.0,0.0,52918.45,0.0,14750.0,30250.0,0.0,0.0,0.0,0.0,0.0,0.0
SG4-9-2,2,9,SG4,9340,2270601,CONTR.SERV.ESTUD.TREB.TEC.- TRESORERIA-RECAPTACIÓ,560000.0,151752.46,711752.46,404555.16,703809.24,703809.24,703809.24,688305.98,688305.98,6022.19,52918.45,1921.03,0.0,0.0,15503.26,0.0,196272.62,196272.62,0.0,0.0
SG5-1-2,2,1,SG5,1300,2270602,CONTR.SERV.GRUA- POLICIA,21000.0,0.0,21000.0,0.0,27799.18,27799.18,25186.15,23175.13,23175.13,-6799.18,44095.97,0.0,0.0,2613.03,2011.02,0.0,0.0,0.0,1223.31,0.0
SG1-9-2,2,9,SG1,9205,2270602,CONTR.SERV. - RRHH.,1000.0,0.0,1000.0,0.0,0.0,0.0,0.0,0.0,0.0,1000.0,49214.08,0.0,0.0,0.0,0.0,0.0,0.0,0.0,0.0,0.0
SG5-1-2,2,1,SG5,1300,2270603,CONTRACT. SERVEIS.- CÀMERES DE VIGILÀNCIA,0.0,330951.26,330951.26,0.0,235461.49,235461.49,180735.94,180735.94,180735.94,95489.77,95489.77,0.0,0.0,54725.55,0.0,0.0,0.0,0.0,0.0,0.0
SG5-1-2,2,1,SG5,1300,2279901,CONTR.SERV.CONCESSIONS.-POLICIA,450000.0,0.0,450000.0,0.0,0.0,0.0,0.0,0.0,0.0,450000.0,450000.0,0.0,0.0,0.0,0.0,0.0,0.0,0.0,0.0,0.0
CM2-1-2,2,1,CM2,1511,2279901,CONTRACTACIO SERVEIS URBANISME,18000.0,0.0,18000.0,5196.97,5196.97,5196.97,5196.97,5040.61,5040.61,12803.03,41301.79,0.0,0.0,0.0,156.36,0.0,0.0,0.0,0.0,0.0
SP1-1-2,2,1,SP1,1522,2279901,CONTRACT SERVEIS.- HABITATGE,6000.0,0.0,6000.0,5996.16,5996.16,5996.16,5996.16,5996.16,5996.16,3.84,2726.8,0.0,0.0,0.0,0.0,0.0,0.0,0.0,0.0,0.0
CM1-1-2,2,1,CM1,1610,2279901,CONTR.SERV.CONCESSIONS.-AIGUA I SANEJ.,1865000.0,0.0,1865000.0,0.0,0.0,0.0,0.0,0.0,0.0,1865000.0,1865000.0,0.0,0.0,0.0,0.0,0.0,0.0,0.0,0.0,0.0
CM1-1-2,2,1,CM1,1621,2279901,ALTRES TREBALLS PER ALTRES.- RSU,2600000.0,110000.0,2710000.0,2600000.0,2436033.78,2436033.78,2427627.87,2203817.97,2203817.97,53263.4,16728.21,220702.82,0.0,8405.91,223809.9,0.0,0.0,0.0,0.0,0.0
SP1-1-2,2,1,SP1,1640,2279901,CONTR.SERV. CONCESSIONS.-CEMENTERIS,200000.0,177445.78,377445.78,0.0,346704.17,346704.17,346704.17,274802.81,274802.81,30741.61,30741.61,0.0,0.0,0.0,71901.36,0.0,0.0,0.0,0.0,0.0
CM6-1-2,2,1,CM6,1721,2279901,CONTR.SERV. ALTRES.- MEDI AMBIENT,250000.0,7470.54,257470.54,249237.29,260565.83,253451.03,189232.17,145999.39,145999.39,-3095.29,1435.0,0.0,7114.8,64218.86,43232.78,0.0,4831.99,0.0,0.0,0.0
SP1-2-2,2,2,SP1,2310,2279901,CONTRACT. SERV. ALTRES.- ATENCIÓ PRIMÀRIA,200000.0,0.0,200000.0,187002.38,213216.58,213216.58,213216.58,193768.46,193768.46,-18723.9,11036.11,5507.32,0.0,0.0,19448.12,0.0,0.0,0.0,0.0,0.0
SP1-2-2,2,2,SP1,2311,2279901,CONTRACT. ALTRES.- R.G.A,70000.0,0.0,70000.0,61018.47,61139.47,61139.47,61139.47,55260.7,55260.7,8860.53,11036.11,0.0,0.0,0.0,5878.77,0.0,0.0,0.0,0.0,0.0
SP1-3-2,2,3,SP1,3230,2279901,CONTRA.SERVEIS-EDUCACIÓ,0.0,18000.0,18000.0,0.0,17458.57,17458.57,17458.57,17458.57,17458.57,541.43,10971.51,0.0,0.0,0.0,0.0,0.0,0.0,0.0,0.0,0.0
SP3-3-2,2,3,SP3,3341,2279901,CONTR.SERV.SERV.EST.TREB.TEC-ARCH/PAT OLIVER,25000.0,0.0,25000.0,0.0,25671.97,25671.97,23314.89,19844.59,19844.59,-671.97,19838.26,0.0,0.0,2357.08,3470.3,0.0,0.0,0.0,0.0,0.0
SP3-3-2,2,3,SP3,3370,2279901,CONTR.SERV.ALTRES.-JUVENTUT CONCERTS,2000.0,0.0,2000.0,2000.0,2000.0,2000.0,2000.0,2000.0,2000.0,0.0,19838.26,0.0,0.0,0.0,0.0,0.0,0.0,0.0,0.0,0.0
CM1-1-2,2,1,CM1,1621,2279902,CONTR.SERV. ALTRES.- RSU,60000.0,35151.54,95151.54,59718.89,104227.83,104227.83,104227.83,97014.24,97014.24,-9076.29,16728.21,0.0,0.0,0.0,7213.59,0.0,0.0,0.0,0.0,0.0
SP1-1-2,2,1,SP1,1640,2279902,CONTR.SERV. CONCES.-CEMENT.- RET. CON,226025.0,0.0,226025.0,0.0,0.0,0.0,0.0,0.0,0.0,226025.0,226025.0,0.0,0.0,0.0,0.0,0.0,0.0,0.0,0.0,0.0
SP1-2-2,2,2,SP1,2310,2279902,CONTR.SERV. ALTRES.- MEDIACIÒ SOCIAL,100000.0,-95700.0,4300.0,4208.09,4208.09,4208.09,4208.09,4208.09,4208.09,91.91,11036.11,0.0,0.0,0.0,0.0,0.0,0.0,0.0,0.0,0.0
SP3-3-2,2,3,SP3,3341,2279902,SERV SEGURETAT .- CENTRE ART HDEZ  SANZ,55000.0,0.0,55000.0,0.0,47354.34,47354.34,47354.34,39567.04,39567.04,7645.66,19838.26,0.0,0.0,0.0,7787.3,0.0,0.0,0.0,0.0,0.0
SG1-9-2,2,9,SG1,9120,2300001,DIETES CARRECS ELECTES.-ORG. GOVERN,2500.0,0.0,2500.0,0.0,0.0,0.0,0.0,0.0,0.0,2500.0,49214.08,0.0,0.0,0.0,0.0,0.0,0.0,0.0,0.0,0.0
SG1-9-2,2,9,SG1,9205,2302001,DIETES PERSONAL.-RECURSOS HUMANS,2000.0,0.0,2000.0,0.0,1276.29,1276.29,1276.29,1276.29,1276.29,723.71,49214.08,0.0,0.0,0.0,0.0,0.0,0.0,0.0,0.0,0.0
SG1-9-2,2,9,SG1,9120,2310001,LOCOMOCIO.-ORG. GOVERN,3000.0,0.0,3000.0,0.0,3677.33,3677.33,3677.33,3677.33,3677.33,-677.33,49214.08,0.0,0.0,0.0,0.0,0.0,0.0,0.0,0.0,0.0
SG1-9-2,2,9,SG1,9205,2310001,LOCOMOCIO,3000.0,0.0,3000.0,510.66,2963.65,2963.65,2963.65,2963.65,2963.65,36.35,49214.08,0.0,0.0,0.0,0.0,0.0,0.0,0.0,0.0,0.0
SG4-0-3,3,0,SG4,0110,3101101,INTERESSOS.  LC - OPERACIÓ DE TRESORERIA,10000.0,0.0,10000.0,0.0,0.0,0.0,0.0,0.0,0.0,10000.0,104326.73,0.0,0.0,0.0,0.0,0.0,0.0,0.0,0.0,0.0
SG4-0-3,3,0,SG4,0110,3101801,INT. PREST 2002 CAM-  INVERS.  Nº 0253636615,40.0,0.0,40.0,0.0,0.0,0.0,0.0,0.0,0.0,40.0,104326.73,0.0,0.0,0.0,0.0,0.0,0.0,0.0,0.0,0.0
SG4-0-3,3,0,SG4,0110,3101901,INT. PREST 2003  LC -  INVERS - Nº 30584029822,8500.0,0.0,8500.0,0.0,8493.88,8493.88,8493.88,8493.88,8493.88,6.12,104326.73,0.0,0.0,0.0,0.0,0.0,0.0,0.0,0.0,0.0
SG4-0-3,3,0,SG4,0110,3102001,INT.  PREST 2004  BBVA INVERSIONS 974 04357000,41600.0,0.0,41600.0,0.0,44210.95,44210.95,44210.95,44210.95,44210.95,-2610.95,104326.73,0.0,0.0,0.0,0.0,0.0,0.0,0.0,0.0,0.0
SG4-0-3,3,0,SG4,0110,3102101,INT.  PREST 2005 BBVA INVERSIONS 974 05137023,25720.0,0.0,25720.0,0.0,27150.33,27150.33,27150.33,27150.33,27150.33,-1430.33,104326.73,0.0,0.0,0.0,0.0,0.0,0.0,0.0,0.0,0.0
SG4-0-3,3,0,SG4,0110,3102201,INT. PREST2006 BBVA 974-06183571,52180.0,0.0,52180.0,0.0,54466.18,54466.18,54466.18,54466.18,54466.18,-2286.18,104326.73,0.0,0.0,0.0,0.0,0.0,0.0,0.0,0.0,0.0
SG4-0-3,3,0,SG4,0110,3102501,INTERESSOS  PRESTEC INVERSIONS 2007 - LC,600.0,0.0,600.0,0.0,242.62,242.62,242.62,242.62,242.62,357.38,104326.73,0.0,0.0,0.0,0.0,0.0,0.0,0.0,0.0,0.0
SG4-0-3,3,0,SG4,0110,3102502,INTERESSOS  PRESTEC INVERSIONS 2007 - BBVA,1200.0,0.0,1200.0,0.0,0.0,0.0,0.0,0.0,0.0,1200.0,104326.73,0.0,0.0,0.0,0.0,0.0,0.0,0.0,0.0,0.0
SG4-0-3,3,0,SG4,0110,3102601,INTERESSOS PREST 2008 LC INV 708776-98,50.0,0.0,50.0,0.0,0.0,0.0,0.0,0.0,0.0,50.0,104326.73,0.0,0.0,0.0,0.0,0.0,0.0,0.0,0.0,0.0
SG4-0-3,3,0,SG4,0110,3102701,INT. PREST 2009 BBVA,69700.0,0.0,69700.0,0.0,71451.15,71451.15,71451.15,71451.15,71451.15,-1751.15,104326.73,0.0,0.0,0.0,0.0,0.0,0.0,0.0,0.0,0.0
SG4-0-3,3,0,SG4,0110,3102801,INT. PREST 2010 CAJA MADRID,7800.0,0.0,7800.0,0.0,8758.42,8758.42,8758.42,8758.42,8758.42,-958.42,104326.73,0.0,0.0,0.0,0.0,0.0,0.0,0.0,0.0,0.0
SG4-0-3,3,0,SG4,0110,3103101,INTERESSOS PRESTEC 2014,25000.0,0.0,25000.0,0.0,0.0,0.0,0.0,0.0,0.0,25000.0,104326.73,0.0,0.0,0.0,0.0,0.0,0.0,0.0,0.0,0.0
SG4-0-3,3,0,SG4,0110,3103301,INT. AVAL DAVANT LA CAIB,0.0,0.0,0.0,0.0,2280.0,2280.0,2280.0,2280.0,2280.0,-2280.0,104326.73,0.0,0.0,0.0,0.0,0.0,0.0,0.0,0.0,0.0
SG4-0-3,3,0,SG4,0110,3520001,INTERESSOS DEMORA RETARD PAGAMENTS.- TRESORERIA,100000.0,0.0,100000.0,2610.47,21009.74,21009.74,21009.74,21009.74,21009.74,78990.26,104326.73,0.0,0.0,0.0,0.0,0.0,0.0,0.0,0.0,0.0
SG8-2-4,4,2,SG8,2410,4500001,DEVOLUCIÓN IMPORTES SOIB A LA CAIB,20000.0,8065.12,28065.12,25000.0,0.0,0.0,0.0,0.0,0.0,3065.12,3065.12,25000.0,0.0,0.0,0.0,0.0,0.0,0.0,0.0,0.0
SG5-1-4,4,1,SG5,1300,4610111,TRANSF. AL CIMe.- POLICIA.- SERV. EXTINCIÓ INCENDIS,385000.0,0.0,385000.0,0.0,358474.79,358474.79,358474.79,358474.79,358474.79,26525.21,32525.21,0.0,0.0,0.0,0.0,0.0,0.0,0.0,0.0,0.0
SP1-2-4,4,2,SP1,2311,4610111,TRANSF. AL CIMe.- RGA - ACTIVITAT PERSONES MAJORS,7300.0,1908.0,9208.0,7300.0,0.0,0.0,0.0,0.0,0.0,1908.0,1908.0,7300.0,0.0,0.0,0.0,0.0,8639.73,0.0,0.0,0.0
SP1-3-4,4,3,SP1,3110,4610111,TRANSF. AL CIMe.- CONVENI ALBERG ANIMALS,17500.0,0.0,17500.0,0.0,17193.53,17193.53,17193.53,17193.53,17193.53,306.47,311.11,0.0,0.0,0.0,0.0,0.0,0.0,0.0,0.0,0.0
SP1-3-4,4,3,SP1,3230,4610111,TRANSF. AL CIMe.- EDUCACIÓ (PERSONES ADULTES),22200.0,26500.0,48700.0,0.0,48700.0,48700.0,40250.94,20735.52,20735.52,0.0,311.11,0.0,0.0,8449.06,19515.42,0.0,0.0,0.0,0.0,0.0
SP3-3-4,4,3,SP3,3400,4610111,TRANSF. AL CIMe.- ISLAND GAMES,12600.0,0.0,12600.0,12600.0,12600.0,12600.0,0.0,0.0,0.0,0.0,20723.6,0.0,0.0,12600.0,0.0,0.0,0.0,0.0,0.0,0.0
SG1-9-4,4,9,SG1,9120,4610111,TRANSF. AL CIME CONVENI FOMENT DE L'ÚS DEL CATALÀ SECTOR EMP,0.0,3000.0,3000.0,0.0,0.0,0.0,0.0,0.0,0.0,3000.0,3000.0,0.0,0.0,0.0,0.0,0.0,0.0,0.0,0.0,0.0
SG1-9-4,4,9,SG1,9205,4610111,TRANSF. AL CIMe- CONVENI SERVEI DE PREVENCIÓ,32000.0,0.0,32000.0,0.0,27081.11,27081.11,27081.11,27081.11,27081.11,4918.89,20981.53,0.0,0.0,0.0,0.0,0.0,0.0,0.0,27566.96,0.0
SP1-3-4,4,3,SP1,3230,4610112,TRANSF. AL CIMe -CONVENIO CIM AT. EDUCATIVA INFANTIL,14700.0,12500.0,27200.0,0.0,27200.0,27200.0,25624.18,12500.0,12500.0,0.0,311.11,0.0,0.0,1575.82,13124.18,0.0,0.0,0.0,0.0,0.0
SP1-3-4,4,3,SP1,3230,4610211,TRANSF. AL CIMe - UNIV. OBERTA MAJORS,3400.0,0.0,3400.0,0.0,3400.0,3400.0,2154.83,2154.83,0.0,0.0,311.11,0.0,0.0,1245.17,0.0,2154.83,0.0,0.0,0.0,0.0
SP3-3-4,4,3,SP3,3344,4610211,CIMe - CAMPANYA MONUMENTS ARQUEOLÒGICS,8000.0,0.0,8000.0,0.0,8026.4,8026.4,8026.4,0.0,0.0,-26.4,20723.6,0.0,0.0,0.0,8026.4,0.0,0.0,0.0,0.0,0.0
CM6-1-4,4,1,CM6,1721,4610311,CIMe.- CONVENI PLATGES 2010-2017,100000.0,0.0,100000.0,100000.0,84607.76,84607.76,84607.76,84607.76,84607.76,0.0,0.0,15392.24,0.0,0.0,0.0,0.0,0.0,0.0,0.0,0.0
SP1-3-4,4,3,SP1,3230,4610311,IME - ORGANITZACIÓ UIMIR,35000.0,-27750.0,7250.0,0.0,7250.0,7250.0,7246.33,7246.33,7246.33,0.0,311.11,0.0,0.0,3.67,0.0,0.0,0.0,0.0,0.0,0.0
CM1-1-4,4,1,CM1,1532,4610411,CIMe.- CAMINS RURALS,27000.0,0.0,27000.0,27000.0,7618.29,7618.29,2932.49,2932.49,2932.49,0.0,0.0,19381.71,0.0,4685.8,0.0,0.0,0.0,0.0,0.0,0.0
SG5-1-4,4,1,SG5,1300,4620111,TRANSF. A AJUNTAMENTS.- COL.LABORACIÓ POLICIES LOCALS,6000.0,0.0,6000.0,0.0,0.0,0.0,0.0,0.0,0.0,6000.0,32525.21,0.0,0.0,0.0,0.0,0.0,0.0,0.0,0.0,0.0
SG1-9-4,4,9,SG1,9120,4660111,A altres entitats - QUOTES FEDERACIONS,7000.0,0.0,7000.0,0.0,0.0,0.0,0.0,0.0,0.0,7000.0,20981.53,0.0,0.0,0.0,0.0,0.0,0.0,0.0,0.0,0.0
SG1-9-4,4,9,SG1,9120,4670001,TRANSF. A CONSORCIS.- MILITAR LA MOLA,15000.0,0.0,15000.0,0.0,15000.0,15000.0,15000.0,15000.0,15000.0,0.0,20981.53,0.0,0.0,0.0,0.0,0.0,0.0,0.0,0.0,0.0
CM1-1-4,4,1,CM1,1621,4670111,TRANSF. A CONSORCI R.S.U.- TRACTAMENT RESIDUS,470000.0,0.0,470000.0,470000.0,444705.91,444705.91,444705.91,390882.16,390882.16,0.0,17625.71,25294.09,0.0,0.0,53823.75,0.0,27261.68,0.0,0.0,0.0
CM1-1-4,4,1,CM1,1650,4670111,TRANSF. A CONSORCIS.- CRSU - EFICIÈNCIA ENERGÈTICA,500.0,6.92,506.92,500.0,6.92,6.92,6.92,6.92,6.92,0.0,17625.71,500.0,0.0,0.0,0.0,0.0,0.0,0.0,0.0,0.0
SP3-3-4,4,3,SP3,3400,4670111,TRANSF. A CONSORCI PAVELLÓ BINTAUFA,61800.0,0.0,61800.0,61800.0,42519.0,42519.0,42519.0,42519.0,42519.0,0.0,20723.6,19281.0,0.0,0.0,0.0,0.0,0.0,0.0,0.0,0.0
CM2-1-4,4,1,CM2,1511,4670211,TRANSF. A CONSORCIS.- PENYASSEGAT PORT DE MAO,32000.0,0.0,32000.0,0.0,7000.0,7000.0,0.0,0.0,0.0,25000.0,17625.71,0.0,0.0,7000.0,0.0,0.0,0.0,0.0,0.0,0.0
CM1-1-4,4,1,CM1,1621,4670211,TRANSF. A CONSORCIS.- CRSU - DEIXALLERIES MAÓ,109000.0,0.0,109000.0,109000.0,99442.68,99442.68,99442.68,84694.1,84694.1,-7374.29,17625.71,16931.61,0.0,0.0,14748.58,0.0,0.0,0.0,0.0,0.0
SP3-3-4,4,3,SP3,3344,4670211,CONSORCI MUSEU MILITAR DE MENORCA,15000.0,0.0,15000.0,0.0,0.0,0.0,0.0,0.0,0.0,15000.0,20723.6,0.0,0.0,0.0,0.0,0.0,0.0,0.0,0.0,0.0
SG1-9-4,4,9,SG1,9120,4800001,SUBV. EN CONCURRENCIA COMPETITIVA-  POLITICA LINGÜÍSTICA,0.0,0.0,0.0,0.0,0.0,0.0,0.0,0.0,0.0,0.0,20981.53,0.0,0.0,0.0,0.0,0.0,0.0,0.0,0.0,0.0
SP1-2-4,4,2,SP1,2310,4800111,AJUTS ECONÒMICS INDIVIDUALS D'EMERGÈNCIA,323000.0,32071.5,355071.5,355071.5,261644.66,261644.66,261644.66,222231.64,222231.64,0.0,1908.0,93426.84,0.0,0.0,39413.02,0.0,0.0,0.0,0.0,0.0
SP1-3-4,4,3,SP1,3230,4800111,TRANSF. A ALTRES ENS.- UNED,3000.0,0.0,3000.0,0.0,3000.0,3000.0,3000.0,3000.0,3000.0,0.0,311.11,0.0,0.0,0.0,0.0,0.0,0.0,0.0,0.0,0.0
CM6-1-4,4,1,CM6,1721,4800114,SUBV. NOMINATIVES- MEDI AMBIENT,8000.0,0.0,8000.0,8000.0,8000.0,8000.0,1000.0,0.0,0.0,0.0,0.0,0.0,0.0,7000.0,1000.0,0.0,0.0,0.0,0.0,0.0
SP1-2-4,4,2,SP1,2310,4800114,TRANSF. NOMINATIVES A ENTITATS.- ACCIONS SOCIALS,118200.0,1700.0,119900.0,0.0,119900.0,119900.0,117800.0,87500.0,87500.0,0.0,1908.0,0.0,0.0,2100.0,30300.0,0.0,0.0,0.0,0.0,0.0
SP1-3-4,4,3,SP1,3230,4800114,SUBV. NOMINATIVES- EDUCACIÓ,25000.0,-25000.0,0.0,0.0,0.0,0.0,0.0,0.0,0.0,0.0,311.11,0.0,0.0,0.0,0.0,0.0,0.0,0.0,0.0,0.0
SP3-3-4,4,3,SP3,3344,4800114,SUBV. NOMINATIVES- CULTURA,110700.0,-3300.0,107400.0,0.0,107400.0,107400.0,107400.0,93150.0,93150.0,0.0,20723.6,0.0,0.0,0.0,14250.0,0.0,0.0,0.0,0.0,0.0
SP3-3-4,4,3,SP3,3400,4800114,SUBV. NOMINATIVES- ESPORTS,93800.0,47200.0,141000.0,0.0,135250.0,135250.0,117300.0,31850.0,31850.0,5750.0,20723.6,0.0,0.0,17950.0,85450.0,0.0,0.0,0.0,0.0,0.0
SG8-4-4,4,4,SG8,4310,4800114,SUBV. NOMINATIVES,0.0,0.0,0.0,0.0,0.0,0.0,0.0,0.0,0.0,0.0,0.0,0.0,0.0,0.0,0.0,0.0,0.0,0.0,0.0,0.0
SG1-9-4,4,9,SG1,9120,4800114,SUBV. NOMINATIVES- PARTICIPACIÓ CIUTADANA,39900.0,19500.0,59400.0,0.0,54400.0,54400.0,27100.0,4100.0,4100.0,5000.0,20981.53,0.0,0.0,27300.0,23000.0,0.0,0.0,0.0,0.0,0.0
SG8-4-4,4,4,SG8,4310,4800214,SUBV. EXCEPCIONALS COMERÇ,10000.0,14000.0,24000.0,0.0,24000.0,24000.0,22000.0,22000.0,22000.0,0.0,0.0,0.0,0.0,2000.0,0.0,0.0,0.0,0.0,0.0,0.0
SG1-9-4,4,9,SG1,9120,4800214,SUBV. EXCEPCIONALS,0.0,5460.16,5460.16,0.0,5460.16,5460.16,4560.16,4560.16,4560.16,0.0,3000.0,0.0,0.0,900.0,0.0,0.0,0.0,0.0,0.0,0.0
SP3-3-4,4,3,SP3,3344,4800311,PREMIS DE CONCURS - CULTURA,6000.0,1225.0,7225.0,7175.0,7225.0,7225.0,7225.0,7225.0,7225.0,0.0,20723.6,0.0,0.0,0.0,0.0,0.0,0.0,0.0,0.0,0.0
SP1-2-4,4,2,SP1,2310,4800401,TRANSF. A FUND. DISCAPACITATS- ATENCIÓ PRIMÀRIA,22000.0,0.0,22000.0,0.0,22000.0,22000.0,22000.0,22000.0,22000.0,0.0,1908.0,0.0,0.0,0.0,0.0,0.0,0.0,0.0,0.0,0.0
SP1-3-4,4,3,SP1,3231,4800401,CONVENI COOP. ESCOLES INFANTILS,935000.0,104340.0,1039340.0,0.0,1039335.36,1039335.36,1039335.36,1039335.36,1039335.36,4.64,311.11,0.0,0.0,0.0,0.0,0.0,0.0,0.0,0.0,0.0
SP3-3-4,4,3,SP3,3344,4800401,TRANSF. FUND. AMIGOS DE LA OPERA,20000.0,0.0,20000.0,0.0,20000.0,20000.0,20000.0,20000.0,20000.0,0.0,20723.6,0.0,0.0,0.0,0.0,0.0,0.0,0.0,0.0,0.0
SP3-3-4,4,3,SP3,3344,4800402,FUND. TEATRO PRAL- PROM. CULTURAL,367000.0,0.0,367000.0,0.0,367000.0,367000.0,367000.0,367000.0,367000.0,0.0,20723.6,0.0,0.0,0.0,0.0,0.0,0.0,0.0,0.0,0.0
SG1-9-4,4,9,SG1,9120,4890111,TRANSFERÈNCIES A GRUPS MUNICIPALS,55000.0,0.0,55000.0,0.0,50937.36,50937.36,50937.36,50937.36,50937.36,4062.64,20981.53,0.0,0.0,0.0,0.0,0.0,0.0,0.0,0.0,0.0
SG4-9-5,5,9,SG4,9290,5000000,FONS DE CONTINGENCIA,250000.0,-225000.0,25000.0,0.0,0.0,0.0,0.0,0.0,0.0,25000.0,25000.0,0.0,0.0,0.0,0.0,0.0,0.0,0.0,0.0,0.0
CM2-1-6,6,1,CM2,1511,6000117,IFS 2017 - URBANITZ. ILLETA 1.2. UP1B PASSEIG CIRCUMVAL.LAC.,0.0,0.0,0.0,0.0,0.0,0.0,0.0,0.0,0.0,0.0,20242.83,0.0,0.0,0.0,0.0,0.0,0.0,0.0,0.0,0.0
SG8-4-6,6,4,SG8,4320,6120111,MILLORES CENTRE HISTÒRIC,12000.0,0.0,12000.0,0.0,9500.0,9500.0,0.0,0.0,0.0,2500.0,10152.85,0.0,0.0,9500.0,0.0,0.0,0.0,0.0,0.0,0.0
SG8-4-6,6,4,SG8,4310,6120211,INVERSIONS COMERÇ LOCAL,17200.0,0.0,17200.0,0.0,8349.0,8349.0,4174.5,4174.5,4174.5,8851.0,10152.85,0.0,0.0,4174.5,0.0,0.0,0.0,0.0,0.0,0.0
CM1-1-6,6,1,CM1,1610,6190111,INVERSIONS XARXA AIGUA I SANEJAMENT ROVELLADA I CIUTADELLA,0.0,0.0,0.0,0.0,0.0,0.0,0.0,0.0,0.0,0.0,40832.31,0.0,0.0,0.0,0.0,0.0,0.0,0.0,0.0,0.0
CM1-1-6,6,1,CM1,1711,6190112,ASFALTATS,100000.0,0.0,100000.0,88500.0,87196.27,26784.26,26784.26,26784.26,26784.26,11500.0,40832.31,1303.73,60412.01,0.0,0.0,0.0,0.0,0.0,0.0,0.0
CM2-1-6,6,1,CM2,1511,6190211,REFORMES  CARRERS,750000.0,498659.41,1248659.41,697900.0,1177809.71,1105624.78,753317.98,440838.46,440838.46,-4561.85,20242.83,75411.55,72184.93,352306.8,312479.52,0.0,0.0,0.0,0.0,0.0
CM1-1-6,6,1,CM1,1711,6190211,MILLORES CIUTAT MICROACCIONS,150000.0,84641.07,234641.07,153025.0,185055.31,136861.39,136861.39,119937.46,119937.46,33422.15,40832.31,16163.61,48193.92,0.0,16923.93,0.0,0.0,0.0,0.0,126447.15
CM6-1-6,6,1,CM6,1721,6190212,INVERSIONS-MEDI AMBIENT,40000.0,4301.8,44301.8,27048.65,39930.06,39930.06,39930.06,39930.06,39930.06,0.0,0.0,4371.74,0.0,0.0,0.0,0.0,0.0,0.0,0.0,0.0
CM1-1-6,6,1,CM1,1711,6190213,OBRES NOVES A LA XARXA ELÈCTRICA,30000.0,-5000.0,25000.0,25000.0,24537.93,24537.93,24537.93,24537.93,24537.93,0.0,40832.31,462.07,0.0,0.0,0.0,0.0,0.0,0.0,0.0,0.0
CM1-1-6,6,1,CM1,1711,6190214,XARXA DE CAMINS RURALS,75000.0,-15000.0,60000.0,60000.0,58913.85,58913.85,58913.85,44750.8,44750.8,0.0,40832.31,1086.15,0.0,0.0,14163.05,0.0,0.0,0.0,0.0,0.0
CM2-1-6,6,1,CM2,1511,6190217,IFS 2017 - FONT AIGUA  EDIFICI CALABRIA,0.0,60174.92,60174.92,60492.34,60492.34,0.0,0.0,0.0,0.0,-317.42,20242.83,0.0,60492.34,0.0,0.0,0.0,0.0,0.0,0.0,0.0
CM1-1-6,6,1,CM1,1610,6190217,IFS 2017.- REFORMA SANEJAMENT I ABASTIMENT AIGUA C/ LA PLANA,0.0,63637.03,63637.03,59279.58,59279.58,0.0,0.0,0.0,0.0,4357.45,40832.31,0.0,59279.58,0.0,0.0,0.0,0.0,0.0,0.0,0.0
SG5-1-6,6,1,SG5,1300,6190311,MOBILITAT,25000.0,0.0,25000.0,0.0,19190.6,19190.6,19190.6,19190.6,19190.6,5809.4,2693.72,0.0,0.0,0.0,0.0,0.0,0.0,0.0,0.0,0.0
CM2-1-6,6,1,CM2,1511,6190311,INVERSIO EN VIES PUBLIQUES POIMA,60000.0,0.0,60000.0,60000.0,58421.38,0.0,0.0,0.0,0.0,0.0,20242.83,1578.62,58421.38,0.0,0.0,0.0,0.0,0.0,0.0,0.0
CM1-1-6,6,1,CM1,1711,6190311,PARCS INFANTILS,60000.0,0.0,60000.0,60000.0,60000.0,60000.0,60000.0,60000.0,60000.0,0.0,40832.31,0.0,0.0,0.0,0.0,0.0,0.0,0.0,0.0,0.0
CM2-1-6,6,1,CM2,1511,6190313,DESENVOLUPAMENT URBA SOSTENIBLE,40000.0,0.0,40000.0,15000.0,0.0,0.0,0.0,0.0,0.0,25000.0,20242.83,15000.0,0.0,0.0,0.0,0.0,0.0,0.0,0.0,0.0
CM2-1-6,6,1,CM2,1511,6190317,IFS 2017- TANCAMENT ZONA VERDA SA PUNTA,0.0,52000.0,52000.0,52000.0,52000.0,0.0,0.0,0.0,0.0,0.0,20242.83,0.0,52000.0,0.0,0.0,0.0,0.0,0.0,0.0,0.0
CM1-1-6,6,1,CM1,1711,6190411,INVERSIO EN CLIMATITZACIÓ,60000.0,2108.38,62108.38,45000.0,55637.3,50091.7,31482.44,31482.44,31482.44,0.0,40832.31,6471.08,5545.6,18609.26,0.0,0.0,0.0,0.0,0.0,0.0
CM2-1-6,6,1,CM2,1511,6190414,REPARACIONS URGENTS PENYA-.SEGAT PORT MAÓ,0.0,90000.0,90000.0,0.0,89877.9,89877.9,89877.9,89877.9,89877.9,122.1,20242.83,0.0,0.0,0.0,0.0,0.0,0.0,0.0,0.0,0.0
CM2-1-6,6,1,CM2,1511,6190417,IFS 2017 - CONSOLIDACIÓ PENYA-SEGAT UA2 ZONA 5 BIS,0.0,759469.0,759469.0,0.0,759469.0,0.0,0.0,0.0,0.0,0.0,20242.83,0.0,759469.0,0.0,0.0,0.0,0.0,0.0,0.0,0.0
SG8-2-6,6,2,SG8,2410,6191011,OBRES CASA DE SES MONGES,60000.0,-60000.0,0.0,0.0,0.0,0.0,0.0,0.0,0.0,0.0,0.0,0.0,0.0,0.0,0.0,0.0,0.0,0.0,0.0,0.0
SP1-2-6,6,2,SP1,2310,6220001,IFS 2017 ADQUISICIÓ EDIFICIS.- CASA ACOLLIDA,41000.0,255000.0,296000.0,0.0,255000.0,255000.0,255000.0,255000.0,0.0,41000.0,386.8,0.0,0.0,0.0,0.0,255000.0,0.0,0.0,0.0,0.0
CM1-1-6,6,1,CM1,1522,6220111,INVERSIONS.-  REHABILITACIÓ SANT ROC,0.0,123991.76,123991.76,0.0,135464.05,135464.05,134974.52,134974.52,134974.52,-11472.29,40832.31,0.0,0.0,489.53,0.0,0.0,0.0,0.0,0.0,0.0
CM1-1-6,6,1,CM1,1711,6220111,iNVERSIONS EN EDIFICIS.- OBRA PÚBLICA,130000.0,192976.51,322976.51,125000.0,322416.5,286546.54,207698.02,155946.95,155946.95,0.0,40832.31,560.01,35869.96,78848.52,51751.07,0.0,0.0,0.0,0.0,0.0
SP1-2-6,6,2,SP1,2311,6220111,INVERSIONS-RGA,0.0,0.0,0.0,58921.14,0.0,0.0,0.0,0.0,0.0,-58921.14,386.8,58921.14,0.0,0.0,0.0,0.0,0.0,0.0,0.0,0.0
SP3-3-6,6,3,SP3,3400,6220111,INSTAL.LACIONS ESPORTIVES,190000.0,62280.46,252280.46,140006.87,240287.33,224619.54,197548.73,142592.97,142592.97,11993.13,1348.03,0.0,15667.79,27070.81,54955.76,0.0,0.0,0.0,0.0,0.0
SG8-4-6,6,4,SG8,4312,6220115,INVERSIONS PEIXATERIA,10000.0,17432.83,27432.83,0.0,28630.98,28630.98,11739.84,4626.69,4626.69,-1198.15,10152.85,0.0,0.0,16891.14,7113.15,0.0,0.0,0.0,0.0,0.0
SP1-2-6,6,2,SP1,2311,6220117,IFS 2017 - IMPERMEABILITZACIÓ COBERTES RGA,0.0,60000.0,60000.0,0.0,60000.0,48632.85,48632.85,48632.85,48632.85,0.0,386.8,0.0,11367.15,0.0,0.0,0.0,0.0,0.0,0.0,0.0
SP3-3-6,6,3,SP3,3344,6220117,IFS 2017 - REHABILIT. EDIFICIS.- CULTURA,0.0,35026.35,35026.35,0.0,33678.19,33678.19,25615.23,0.0,0.0,1348.16,1348.03,0.0,0.0,8062.96,25615.23,0.0,0.0,0.0,0.0,0.0
SP3-3-6,6,3,SP3,3400,6220117,IFS 2017 - INSTAL.LACIONS ESPORTIVES,0.0,638552.8,638552.8,549826.23,625643.8,11997.15,7198.29,7198.29,7198.29,0.0,1348.03,12909.0,613646.65,4798.86,0.0,0.0,0.0,0.0,0.0,0.0
SP1-3-6,6,3,SP1,3260,6220215,INVERSIONS EDIFICI CLAUSTRE,150215.0,295599.0,445814.0,150215.0,430813.51,415792.06,261005.96,261005.96,261005.96,15000.0,0.0,0.49,15021.45,154786.1,0.0,0.0,0.0,0.0,0.0,50000.0
SP1-2-6,6,2,SP1,2310,6220217,IFS 2017 - REHABILIT. CASA SES MONGES PER AREA ATENC. PRIMAR,0.0,459923.86,459923.86,458341.03,458341.03,0.0,0.0,0.0,0.0,1582.83,386.8,0.0,458341.03,0.0,0.0,0.0,0.0,0.0,0.0,0.0
SP1-3-6,6,3,SP1,3230,6220217,IFS 2017 - INVERSIONS EN CENTRES ESCOLARS,0.0,89469.59,89469.59,0.0,89469.59,89469.59,82858.21,78399.81,78399.81,0.0,0.0,0.0,0.0,6611.38,4458.4,0.0,0.0,0.0,0.0,0.0
CM1-1-6,6,1,CM1,1650,6220311,PLA ESTALVI ENERGÈTIC MUNICIPAL,20000.0,0.0,20000.0,20000.0,15614.69,15614.69,7756.66,5566.0,5566.0,0.0,40832.31,4385.31,0.0,7858.03,2190.66,0.0,0.0,0.0,0.0,0.0
CM1-1-6,6,1,CM1,1650,6220312,PLAQUES SOLARS FOTOVOLTAIQUES,225000.0,0.0,225000.0,225000.0,224452.31,131777.95,131777.93,67964.95,67964.95,0.0,0.0,547.69,92674.36,0.02,63812.98,0.0,0.0,0.0,0.0,0.0
SG5-1-6,6,1,SG5,1300,6230111,EQUIPAMENT POLICIA,45000.0,28000.0,73000.0,33000.0,74043.28,74043.28,74043.28,47057.42,47057.42,-3115.68,2693.72,2072.4,0.0,0.0,26985.86,0.0,0.0,0.0,0.0,0.0
SP1-2-6,6,2,SP1,2311,6230111,EQUIPAMENT RGA,150000.0,48784.12,198784.12,84578.86,109865.26,109865.26,44326.3,26294.35,26294.35,61725.11,386.8,27193.75,0.0,65538.96,18031.95,0.0,0.0,0.0,0.0,0.0
SP3-3-6,6,3,SP3,3260,6230111,INSTRUMENTS ESCOLA DE MUSICA,4000.0,2770.0,6770.0,6770.0,6760.26,6760.26,6760.26,4000.0,4000.0,0.0,1348.03,9.74,0.0,0.0,2760.26,0.0,0.0,0.0,0.0,0.0
SP3-3-6,6,3,SP3,3370,6230111,NOU EQUIP CASAL JOVE,5000.0,0.0,5000.0,5000.0,2223.12,2223.12,2223.12,422.64,422.64,0.0,1348.03,2776.88,0.0,0.0,1800.48,0.0,0.0,0.0,0.0,0.0
SP3-3-6,6,3,SP3,3380,6230111,EQUIPAMENT SERV. CULTURA I INSTRUMENTS MUSICALS,0.0,11220.14,11220.14,3000.0,11152.54,11152.54,11152.54,2932.4,2932.4,0.0,0.0,67.6,0.0,0.0,8220.14,0.0,0.0,0.0,0.0,0.0
SG4-9-6,6,9,SG4,9311,6230111,EQUIPAMENT GENERAL,10000.0,0.0,10000.0,0.0,8514.17,8514.17,8188.8,7765.3,7765.3,1485.83,7531.88,0.0,0.0,325.37,423.5,0.0,0.0,0.0,0.0,0.0
SP1-3-6,6,3,SP1,3260,6230115,"MAQUINARIA, INSTAL.LACIONS, UTILLATGE.- ESCOLES MUNICIPALS",0.0,0.0,0.0,15000.0,14854.32,14854.32,14854.32,14854.32,14854.32,-15000.0,0.0,145.68,0.0,0.0,0.0,0.0,0.0,0.0,0.0,0.0
CM1-1-6,6,1,CM1,1610,6230117,IFS 2017 - OBRES DIVERSES EN AIGUA I SANEJAMENT,0.0,303956.02,303956.02,243540.7,60415.32,0.0,0.0,0.0,0.0,0.0,40832.31,243540.7,60415.32,0.0,0.0,0.0,0.0,0.0,0.0,0.0
SP3-3-6,6,3,SP3,3341,6230117,IFS 2017 - ADEQUACIÓ ACÚSTICA CA N'OLIVER,0.0,7566.0,7566.0,0.0,7566.13,7566.13,7566.13,7566.13,7566.13,-0.13,1348.03,0.0,0.0,0.0,0.0,0.0,0.0,0.0,0.0,0.0
CM1-1-6,6,1,CM1,1711,6240111,VEHICLES,0.0,60500.0,60500.0,0.0,57475.0,57475.0,57475.0,57475.0,57475.0,3025.0,40832.31,0.0,0.0,0.0,0.0,0.0,0.0,0.0,0.0,3025.0
SP1-2-6,6,2,SP1,2311,6240111,VEHICLES.- RGA,0.0,0.0,0.0,0.0,45000.0,0.0,0.0,0.0,0.0,-45000.0,386.8,0.0,45000.0,0.0,0.0,0.0,0.0,0.0,0.0,0.0
SP3-3-6,6,3,SP3,3400,6240111,VEHICLES.- SERVEI D'ESPORTS,0.0,0.0,0.0,0.0,11993.13,11993.13,0.0,0.0,0.0,-11993.13,1348.03,0.0,0.0,11993.13,0.0,0.0,0.0,0.0,0.0,0.0
SG8-2-6,6,2,SG8,2410,6250111,MOBILIARI,0.0,11719.53,11719.53,11719.53,11719.53,11719.53,9643.53,9643.53,9643.53,0.0,0.0,0.0,0.0,2076.0,0.0,0.0,0.0,0.0,0.0,0.0
SP1-3-6,6,3,SP1,3230,6250111,MOBILIARI ESC. INFANTILS DE MAÓ,6000.0,4000.0,10000.0,6000.0,10000.0,10000.0,9226.49,9226.49,9226.49,0.0,0.0,0.0,0.0,773.51,0.0,0.0,0.0,0.0,0.0,0.0
SG4-9-6,6,9,SG4,9311,6250111,MOBILIARI,20000.0,29312.61,49312.61,0.0,43266.56,43266.56,43223.14,21443.14,21443.14,6046.05,7531.88,0.0,0.0,43.42,21780.0,0.0,0.0,0.0,0.0,0.0
SG4-9-6,6,9,SG4,9206,6260111,EQUIPAMENT INFORMATIC,77000.0,5799.35,82799.35,81855.99,73339.46,73339.46,50494.77,26755.01,26755.01,0.0,7531.88,9459.89,0.0,22844.69,23739.76,0.0,0.0,0.0,0.0,0.0
SG4-9-6,6,9,SG4,9206,6260117,"IFS 2017 - EQUIPAMENT INFORMÀTIC, LLICÈNCIES",0.0,99615.0,99615.0,99615.0,99615.0,0.0,0.0,0.0,0.0,0.0,7531.88,0.0,99615.0,0.0,0.0,0.0,0.0,0.0,0.0,0.0
SP1-1-6,6,1,SP1,1640,6260201,MILLORES CEMENTIRI MUNICIPAL,40000.0,25100.41,65100.41,65100.41,64641.23,64641.23,64641.23,24925.0,24925.0,0.0,0.0,459.18,0.0,0.0,39716.23,0.0,0.0,0.0,0.0,0.0
CM1-1-6,6,1,CM1,1610,6270011,INVERSIONS EN RECURSOS I SOSTENIBILITAT,130000.0,-39582.15,90417.85,90417.85,11259.95,11259.95,11259.95,9047.34,9047.34,0.0,40832.31,79157.9,0.0,0.0,2212.61,0.0,0.0,0.0,0.0,0.0
SP1-3-6,6,3,SP1,3230,6320111,INVERSIONS EN ESCOLES,80000.0,51000.0,131000.0,131000.0,129054.99,129054.99,121635.14,47060.82,47060.82,0.0,0.0,1945.01,0.0,7419.85,74574.32,0.0,0.0,0.0,0.0,0.0
SP1-3-6,6,3,SP1,3230,6320214,INVERSIONS QUARTER SANTIAGO - ESCOLA ADULTS,0.0,244132.5,244132.5,0.0,244132.5,244132.5,0.0,0.0,0.0,0.0,0.0,0.0,0.0,244132.5,0.0,0.0,0.0,0.0,0.0,0.0
CM2-1-6,6,1,CM2,1511,6810215,EXPROPIACIÓ TERRENYS MIRADOR DEL CLAUSTRE DEL CARME,0.0,208637.19,208637.19,208637.19,0.0,0.0,0.0,0.0,0.0,0.0,20242.83,208637.19,0.0,0.0,0.0,0.0,0.0,0.0,0.0,0.0
CM1-1-7,7,1,CM1,1610,7510001,ABAQUA - APORTACIO OBRA ABASTIMENT AIGUA LLUMEÇANES,390000.0,0.81,390000.81,390000.0,0.0,0.0,0.0,0.0,0.0,0.81,0.81,390000.0,0.0,0.0,0.0,0.0,0.0,0.0,0.0,0.0
CM2-1-7,7,1,CM2,1511,7610001,CIMe - CONVENI PUM - ACCÉS CP MARIA LLUISA SERRA VIA RONDA,60500.0,0.0,60500.0,60481.08,60481.08,60481.08,60481.08,0.0,0.0,18.92,18.92,0.0,0.0,0.0,60481.08,0.0,0.0,0.0,0.0,0.0
SG5-1-7,7,1,SG5,1300,7610411,CIMe.- PLA TERME.- EXTINCIÓ D'INCENDIS,20000.0,0.0,20000.0,0.0,0.0,0.0,0.0,0.0,0.0,20000.0,20000.0,0.0,0.0,0.0,0.0,0.0,0.0,0.0,0.0,0.0
CM1-1-7,7,1,CM1,1650,7670111,TRANSF. A C.R.S.U.- PLA EFICIÈNCIA ENERGÈTICA,6000.0,9400.24,15400.24,6000.0,13477.2,13477.2,13477.2,13477.2,13477.2,0.0,0.81,1923.04,0.0,0.0,0.0,0.0,1300.1,0.0,0.0,0.0
CM2-1-7,7,1,CM2,1511,7670211,TRANSF. A CONSORCIS.- PENYASSEGAT PORT DE MAÓ,117000.0,0.0,117000.0,0.0,117000.0,117000.0,0.0,0.0,0.0,0.0,0.81,0.0,0.0,117000.0,0.0,0.0,0.0,0.0,0.0,0.0
SP3-3-7,7,3,SP3,3400,7670311,TRANSF. A CONSORCI BINTAUFA - AMORTITZACIO,237500.0,0.0,237500.0,237500.0,237500.0,237500.0,237500.0,237500.0,237500.0,0.0,9000.0,0.0,0.0,0.0,0.0,0.0,0.0,0.0,0.0,0.0
SP3-3-7,7,3,SP3,3400,7700111,U.D. MAHÓN .- NOMINATIVA,70000.0,-61000.0,9000.0,0.0,0.0,0.0,0.0,0.0,0.0,9000.0,9000.0,0.0,0.0,0.0,0.0,0.0,0.0,0.0,0.0,0.0
CM1-1-7,7,1,CM1,1610,7700116,HIDROBAL - OBRES ASSUMIDES PER L'AJUNTAMENT,569992.0,0.0,569992.0,0.0,569992.0,569992.0,569992.0,0.0,0.0,0.0,0.0,0.0,0.0,0.0,569992.0,0.0,0.0,0.0,0.0,0.0
CM2-1-7,7,1,CM2,1511,7800311,PLA MILLORA FAÇANES,160000.0,71524.7,231524.7,231524.7,139287.61,139287.61,139287.61,83572.57,83572.57,0.0,0.81,92237.09,0.0,0.0,55715.04,0.0,0.0,0.0,0.0,0.0
CM1-1-7,7,1,CM1,1610,7800311,TRANSF. A ENTITATS,0.0,25000.0,25000.0,25000.0,23483.28,23483.28,23483.28,13406.78,13406.78,0.0,0.0,1516.72,0.0,0.0,10076.5,0.0,0.0,0.0,0.0,0.0
SG4-9-8,8,9,SG4,9340,8300001,BESTRETES AL PERSONAL,60000.0,0.0,60000.0,0.0,50983.94,50983.94,50983.94,50983.94,48483.94,9016.06,9016.06,0.0,0.0,0.0,0.0,2500.0,0.0,0.0,0.0,0.0
SG4-0-9,9,0,SG4,0110,9131801,AMORT. PREST 2002 - CAM- Nº 0253636615,140237.0,0.0,140237.0,0.0,140236.23,140236.23,140236.23,140236.23,140236.23,0.77,20468.95,0.0,0.0,0.0,0.0,0.0,0.0,0.0,0.0,0.0
SG4-0-9,9,0,SG4,0110,9131901,AMORT. PREST 2003 - LC Nº 30584029822,103045.0,0.0,103045.0,0.0,103043.66,103043.66,103043.66,103043.66,103043.66,1.34,20468.95,0.0,0.0,0.0,0.0,0.0,0.0,0.0,0.0,0.0
SG4-0-9,9,0,SG4,0110,9132001,AMORT. PREST 2004  BBVA  974 04357000,266368.0,0.0,266368.0,0.0,266366.67,266366.67,266366.67,266366.67,266366.67,1.33,20468.95,0.0,0.0,0.0,0.0,0.0,0.0,0.0,0.0,0.0
SG4-0-9,9,0,SG4,0110,9132101,AMORT. PREST 2005 BBVA  974 05137023,200000.0,0.0,200000.0,0.0,200000.0,200000.0,200000.0,200000.0,200000.0,0.0,20468.95,0.0,0.0,0.0,0.0,0.0,0.0,0.0,0.0,0.0
SG4-0-9,9,0,SG4,0110,9132201,AMORT. PREST 2006 BBVA 974-06183571,261795.0,0.0,261795.0,0.0,261793.73,261793.73,261793.73,261793.73,261793.73,1.27,20468.95,0.0,0.0,0.0,0.0,0.0,0.0,0.0,0.0,0.0
SG4-0-9,9,0,SG4,0110,9132301,AMORT. PREST 2007 BBVA  Nº 07457494,136175.0,0.0,136175.0,0.0,136174.17,136174.17,136174.17,136174.17,136174.17,0.83,20468.95,0.0,0.0,0.0,0.0,0.0,0.0,0.0,0.0,0.0
SG4-0-9,9,0,SG4,0110,9132501,AMORT. PREST 2007 LC  INVERS.Nº 9620-309-10030025,130444.0,0.0,130444.0,0.0,130441.55,130441.55,130441.55,130441.55,130441.55,2.45,20468.95,0.0,0.0,0.0,0.0,0.0,0.0,0.0,0.0,0.0
SG4-0-9,9,0,SG4,0110,9132601,AMORT. PREST 2008 LC INV 708776-98,39000.0,0.0,39000.0,0.0,38690.64,38690.64,38690.64,38690.64,38690.64,309.36,20468.95,0.0,0.0,0.0,0.0,0.0,0.0,0.0,0.0,0.0
SG4-0-9,9,0,SG4,0110,9132701,AMORT. PREST 2009 BBVA 159010,144440.0,0.0,144440.0,0.0,108330.0,108330.0,108330.0,108330.0,108330.0,36110.0,20468.95,0.0,0.0,0.0,0.0,0.0,0.0,0.0,0.0,0.0
SG4-0-9,9,0,SG4,0110,9132802,AMORT. PREST 2010 - BANKIA,63855.0,0.0,63855.0,0.0,79813.4,79813.4,79813.4,79813.4,79813.4,-15958.4,20468.95,0.0,0.0,0.0,0.0,0.0,0.0,0.0,0.0,0.0
