#,Àlies,Org.,Pro.,Eco.,Descripció,Crèdits inicials,Modificacions de crèdit,Crèdits totals consignats,Retencions de crèdit,Despeses autoritzades,Disposicions o compromisos,Obligacions reconegudes,Pag. Ordenats,Pagaments fets,de crèdits disponibles,de crèdits disp. a nivell de vinculació,de crèdits retinguts pendents d'ús,de despeses autoritzades,de despeses compromeses,d'obligacions reconegudes,Disponible de Remanentes por aplicación
,,SG1,9120,1000001,RETRIBUCIONS.- CÀRRECS ELECTES,332605.0,0.0,332605.0,332605.0,83411.91,83411.91,83411.91,83411.91,83411.91,0.0,239251.11,249193.09,0.0,0.0,0.0,0.0
,,CM1,1532,1200001,BASIQUES FUNC.-VIES PUBLIQUES,11201.0,0.0,11201.0,11201.0,2173.5,2173.5,2173.5,2173.5,2173.5,0.0,0.0,9027.5,0.0,0.0,0.0,0.0
,,CM1,1711,1200001,BASIQUES FUNC.- CIUTAT I MEDI AMBIENT,12845.0,0.0,12845.0,12845.0,2491.65,2491.65,2491.65,2491.65,2491.65,0.0,0.0,10353.35,0.0,0.0,0.0,0.0
,,CM2,1511,1200001,BASIQUES FUNC.- URBANISME .....,59010.0,0.0,59010.0,59010.0,8659.36,8659.36,8659.36,8659.36,8659.36,0.0,0.0,50350.64,0.0,0.0,0.0,0.0
,,CM6,1721,1200001,RETRIBUCIONS BASIQUES.- MEDI AMBIENT,15196.0,0.0,15196.0,15196.0,0.0,0.0,0.0,0.0,0.0,0.0,0.0,15196.0,0.0,0.0,0.0,0.0
,,SG1,9120,1200001,BASIQUES FUNC.- ORG. GOVERN..,17064.0,0.0,17064.0,17064.0,2749.13,2749.13,2749.13,2749.13,2749.13,0.0,239251.11,14314.87,0.0,0.0,0.0,0.0
,,SG1,9202,1200001,BASIQUES FUNC.-SERVEIS JURÍDICS.....,64129.0,0.0,64129.0,64129.0,11313.92,11313.92,11313.92,11313.92,11313.92,0.0,239251.11,52815.08,0.0,0.0,0.0,0.0
,,SG1,9203,1200001,BASIQUES FUNC.- CONTRACTACIÓ.,17882.0,0.0,17882.0,17882.0,2624.56,2624.56,2624.56,2624.56,2624.56,0.0,239251.11,15257.44,0.0,0.0,0.0,0.0
,,SG4,9311,1200001,BASIQUES FUNC.- INTERVENCIO,21382.0,0.0,21382.0,21382.0,4177.44,4177.44,4177.44,4177.44,4177.44,0.0,239251.11,17204.56,0.0,0.0,0.0,0.0
,,SG4,9340,1200001,BASIQUES FUNC.- GESTIÓ TRIBUTÀRIA I RECAPTACIÓ,65930.0,0.0,65930.0,65930.0,10836.09,10836.09,10836.09,10836.09,10836.09,0.0,239251.11,55093.91,0.0,0.0,0.0,0.0
,,SG5,1300,1200001,BASIQUES FUNC.- POLICIA .......,914935.0,0.0,914935.0,914935.0,170246.02,170246.02,170246.02,170246.02,170246.02,0.0,0.0,744688.98,0.0,0.0,0.0,0.0
,,SG8,2410,1200001,RETRIBUCIONS BASIQUES.- FORMACIÓ,14332.0,0.0,14332.0,14332.0,2767.38,2767.38,2767.38,2767.38,2767.38,0.0,1686.45,11564.62,0.0,0.0,0.0,0.0
,,SG8,4330,1200001,BASIQUES FUNC.-ACTIVITATS,16913.0,0.0,16913.0,16913.0,3855.4,3855.4,3855.4,3855.4,3855.4,0.0,0.0,13057.6,0.0,0.0,0.0,0.0
,,SP1,2310,1200001,RETRIBUCIONS BASIQUES ASSISTENCIA PRIMARIA,16409.0,0.0,16409.0,16409.0,3393.07,3393.07,3393.07,3393.07,3393.07,0.0,1686.45,13015.93,0.0,0.0,0.0,0.0
,,SP3,3322,1200001,BASIQUES FUNC.- ARXIU I PATR..,24721.0,0.0,24721.0,24721.0,4960.8,4960.8,4960.8,4960.8,4960.8,0.0,59612.87,19760.2,0.0,0.0,0.0,0.0
,,CM1,1532,1210001,COMPLEM. FUNC.- VIES PUBLIQUES.,5858.0,0.0,5858.0,5858.0,1442.73,1442.73,1442.73,1442.73,1442.73,0.0,0.0,4415.27,0.0,0.0,0.0,0.0
,,CM1,1711,1210001,COMPLEM. FUNC.- CIUTAT I MEDI AMBIENT,6787.0,0.0,6787.0,6787.0,1671.48,1671.48,1671.48,1671.48,1671.48,0.0,0.0,5115.52,0.0,0.0,0.0,0.0
,,CM2,1511,1210001,COMPLEM. FUNC.- URBANISME ....,59890.0,0.0,59890.0,59890.0,13651.05,13651.05,13651.05,13651.05,13651.05,0.0,0.0,46238.95,0.0,0.0,0.0,0.0
,,CM6,1721,1210001,RETRIBUCIONS COMPLEMENTARIES.- MEDI AMBIENT,10796.0,0.0,10796.0,10796.0,1558.47,1558.47,1558.47,1558.47,1558.47,0.0,0.0,9237.53,0.0,0.0,0.0,0.0
,,SG1,9120,1210001,COMPLEM. FUNC.- ORG. GOVERN,16354.0,0.0,16354.0,16354.0,2740.94,2740.94,2740.94,2740.94,2740.94,0.0,239251.11,13613.06,0.0,0.0,0.0,0.0
,,SG1,9202,1210001,COMPLEM. FUNC.-SERVEIS JURÍDICS....,95443.0,0.0,95443.0,95443.0,21009.74,21009.74,21009.74,21009.74,21009.74,0.0,239251.11,74433.26,0.0,0.0,0.0,0.0
,,SG1,9203,1210001,COMPLEM. FUNC.- CONTRACTACIÓ..,10367.0,0.0,10367.0,10367.0,1588.7,1588.7,1588.7,1588.7,1588.7,0.0,239251.11,8778.3,0.0,0.0,0.0,0.0
,,SG4,9311,1210001,COMPLEM. FUNC.- INTERVENCIO.,31946.0,0.0,31946.0,31946.0,7868.31,7868.31,7868.31,7868.31,7868.31,0.0,239251.11,24077.69,0.0,0.0,0.0,0.0
,,SG4,9340,1210001,COMPLEM. FUNC.- GESTIÓ TRIBUTÀRIA I RECAPTACIÓ,52329.0,0.0,52329.0,52329.0,11571.03,11571.03,11571.03,11571.03,11571.03,0.0,239251.11,40757.97,0.0,0.0,0.0,0.0
,,SG5,1300,1210001,COMPLEM. FUNC.- POLICIA ......,785196.0,0.0,785196.0,785196.0,194989.41,194989.41,194989.41,194989.41,194989.41,0.0,0.0,590206.59,0.0,0.0,0.0,0.0
,,SG8,2410,1210001,COMPLEM. FUNC.- FORMACIÓ,9387.0,0.0,9387.0,9387.0,2929.56,2929.56,2929.56,2929.56,2929.56,0.0,1686.45,6457.44,0.0,0.0,0.0,0.0
,,SG8,4330,1210001,COMPLEM. FUNC.-ACTIVITATS,16135.0,0.0,16135.0,16135.0,3974.16,3974.16,3974.16,3974.16,3974.16,0.0,0.0,12160.84,0.0,0.0,0.0,0.0
,,SP1,2310,1210001,RETRIBUCIONS COMPLEMENTARIES - ATENCIO PRIMARIA,12660.0,0.0,12660.0,12660.0,2964.26,2964.26,2964.26,2964.26,2964.26,0.0,1686.45,9695.74,0.0,0.0,0.0,0.0
,,SP3,3322,1210001,COMPLEM. FUNC.- ARXIU I PATR..,16411.0,0.0,16411.0,16411.0,4042.05,4042.05,4042.05,4042.05,4042.05,0.0,59612.87,12368.95,0.0,0.0,0.0,0.0
,,CM1,1532,1300001,BASIQUES LAB.- VIES PUBLIQUES ..,62060.0,0.0,62060.0,62060.0,14751.04,14751.04,14751.04,14751.04,14751.04,0.0,0.0,47308.96,0.0,0.0,0.0,0.0
,,CM1,1650,1300001,BASIQUES LAB.- ENLLUMENAT ......,65463.0,0.0,65463.0,65463.0,11239.64,11239.64,11239.64,11239.64,11239.64,0.0,0.0,54223.36,0.0,0.0,0.0,0.0
,,CM1,1710,1300001,BASIQUES LAB.- PARCS I JARD..,75891.0,0.0,75891.0,75891.0,14562.55,14562.55,14562.55,14562.55,14562.55,0.0,0.0,61328.45,0.0,0.0,0.0,0.0
,,CM1,1711,1300001,BASIQUES LAB.- CIUTAT I MEDI AMBIENT,140768.0,0.0,140768.0,140768.0,25758.98,25758.98,25758.98,25758.98,25758.98,0.0,0.0,115009.02,0.0,0.0,0.0,0.0
,,CM2,1511,1300001,BASIQUES LAB.- URBANISME ......,133580.0,0.0,133580.0,133580.0,28015.14,28015.14,28015.14,28015.14,28015.14,0.0,0.0,105564.86,0.0,0.0,0.0,0.0
,,CM2,1512,1300001,BASIQUES LAB.- PROJECTES ......,39710.0,0.0,39710.0,39710.0,25720.63,25720.63,25720.63,25720.63,25720.63,0.0,0.0,13989.37,0.0,0.0,0.0,0.0
,,CM6,1721,1300001,BASIQUES LAB.- MEDI AMBIENT,26550.0,0.0,26550.0,26550.0,5413.71,5413.71,5413.71,5413.71,5413.71,0.0,0.0,21136.29,0.0,0.0,0.0,0.0
,,SG1,9120,1300001,BASIQUES LAB.- ALCALDIA,56349.0,0.0,56349.0,56349.0,10589.6,10589.6,10589.6,10589.6,10589.6,0.0,239251.11,45759.4,0.0,0.0,0.0,0.0
,,SG1,9202,1300001,BASIQUES LAB.-SERVEIS JURÍDICS......,83281.0,0.0,83281.0,83281.0,17622.36,17622.36,17622.36,17622.36,17622.36,0.0,239251.11,65658.64,0.0,0.0,0.0,0.0
,,SG1,9203,1300001,BÀSIQUES - LABORAL - CONTRACTACIÓ,14729.0,0.0,14729.0,14729.0,1952.32,1952.32,1952.32,1952.32,1952.32,0.0,239251.11,12776.68,0.0,0.0,0.0,0.0
,,SG1,9205,1300001,BASIQUES LAB.- REC. HUMANS,98885.0,0.0,98885.0,98885.0,18581.49,18581.49,18581.49,18581.49,18581.49,0.0,239251.11,80303.51,0.0,0.0,0.0,0.0
,,SG1,9250,1300001,BASIQUES LAB.- OFICINA ATENCIÓ AL CIUTADÀ,100074.0,0.0,100074.0,100074.0,17514.83,17514.83,17514.83,17514.83,17514.83,0.0,239251.11,82559.17,0.0,0.0,0.0,0.0
,,SG4,9206,1300001,BASIQUES LAB.- INFORMATICA,32249.0,0.0,32249.0,32249.0,5373.66,5373.66,5373.66,5373.66,5373.66,0.0,239251.11,26875.34,0.0,0.0,0.0,0.0
,,SG4,9311,1300001,BASIQUES LAB.- INTERVENCIO,44491.0,0.0,44491.0,44491.0,8358.24,8358.24,8358.24,8358.24,8358.24,0.0,239251.11,36132.76,0.0,0.0,0.0,0.0
,,SG4,9340,1300001,BASIQUES LAB.- GESTIÓ TRIBUTÀRIA I RECAPTACIÓ,67214.0,0.0,67214.0,67214.0,13293.4,13293.4,13293.4,13293.4,13293.4,0.0,239251.11,53920.6,0.0,0.0,0.0,0.0
,,SG5,1300,1300001,BASIQUES LAB.- POLICIA ........,12481.0,0.0,12481.0,12481.0,2527.08,2527.08,2527.08,2527.08,2527.08,0.0,0.0,9953.92,0.0,0.0,0.0,0.0
,,SG8,2410,1300001,BASIQUES LAB.- FORMACIÓ,13607.0,0.0,13607.0,13607.0,2740.53,2740.53,2740.53,2740.53,2740.53,0.0,1686.45,10866.47,0.0,0.0,0.0,0.0
,,SG8,4310,1300001,BASIQUES LAB.- COMERÇ,12858.0,0.0,12858.0,12858.0,2525.73,2525.73,2525.73,2525.73,2525.73,0.0,0.0,10332.27,0.0,0.0,0.0,0.0
,,SG8,4312,1300001,BASIQUES LAB.- MERCATS,41940.0,0.0,41940.0,41940.0,5879.53,5879.53,5879.53,5879.53,5879.53,0.0,0.0,36060.47,0.0,0.0,0.0,0.0
,,SG8,4330,1300001,BASIQUES LAB.- ACTIVITATS,36653.0,0.0,36653.0,36653.0,8415.72,8415.72,8415.72,8415.72,8415.72,0.0,0.0,28237.28,0.0,0.0,0.0,0.0
,,SP1,2310,1300001,BASIQUES LAB.- ASSISTÈNCIA PRIMÀRIA,284851.0,0.0,284851.0,284851.0,51489.18,51489.18,51489.18,51489.18,51489.18,0.0,1686.45,233361.82,0.0,0.0,0.0,0.0
,,SP1,2311,1300001,BASIQUES LAB.- R.G.A.,903440.0,0.0,903440.0,903440.0,154476.69,154476.69,154476.69,154476.69,154476.69,0.0,1686.45,748963.31,0.0,0.0,0.0,0.0
,,SP1,3110,1300001,BASIQUES LAB.-SANITAT ........,16067.0,0.0,16067.0,27962.0,3089.58,3089.58,3089.58,3089.58,3089.58,-11895.0,59612.87,24872.42,0.0,0.0,0.0,0.0
,,SP1,3230,1300001,BASIQUES LAB.- EDUCACIO ......,132245.0,0.0,132245.0,132245.0,19983.33,19983.33,19983.33,19983.33,19983.33,0.0,59612.87,112261.67,0.0,0.0,0.0,0.0
,,SP1,3260,1300001,BASIQUES LAB.- ESCOLES MUNICIPALS,40127.0,0.0,40127.0,40127.0,5898.67,5898.67,5898.67,5898.67,5898.67,0.0,59612.87,34228.33,0.0,0.0,0.0,0.0
,,SP3,3322,1300001,BASIQUES LAB.- ARXIU I PATR..,34273.0,0.0,34273.0,34273.0,6396.07,6396.07,6396.07,6396.07,6396.07,0.0,59612.87,27876.93,0.0,0.0,0.0,0.0
,,SP3,3340,1300001,BASIQUES LAB.- CULTURA ........,56789.0,0.0,56789.0,56789.0,19015.36,19015.36,19015.36,19015.36,19015.36,0.0,59612.87,37773.64,0.0,0.0,0.0,0.0
,,SP3,3370,1300001,BASIQUES LAB.- JOVENTUT,42417.0,0.0,42417.0,42417.0,5956.99,5956.99,5956.99,5956.99,5956.99,0.0,59612.87,36460.01,0.0,0.0,0.0,0.0
,,SP3,3400,1300001,BASIQUES LAB.- ESPORTS .......,242974.0,0.0,242974.0,242974.0,52403.41,52403.41,52403.41,52403.41,52403.41,0.0,59612.87,190570.59,0.0,0.0,0.0,0.0
,,SG1,9205,1300101,HORES EXTRAORDINÀRIES /SERV. EXTRAORD.. RR.HH.,65975.0,0.0,65975.0,80763.13,3127.3,3127.3,3127.3,3127.3,3127.3,-14788.13,239251.11,77635.83,0.0,0.0,0.0,0.0
,,CM1,1532,1300201,COMPLEM. LAB.- VIES PUBLIQUES..,44834.0,0.0,44834.0,44834.0,12308.67,12308.67,12308.67,12308.67,12308.67,0.0,0.0,32525.33,0.0,0.0,0.0,0.0
,,CM1,1650,1300201,COMPLEM. LAB.- ENLLUMENAT .....,54237.0,0.0,54237.0,54237.0,13595.51,13595.51,13595.51,13595.51,13595.51,0.0,0.0,40641.49,0.0,0.0,0.0,0.0
,,CM1,1710,1300201,COMPLEM. LAB.- PARCS I JARD.,47608.0,0.0,47608.0,47608.0,11755.46,11755.46,11755.46,11755.46,11755.46,0.0,0.0,35852.54,0.0,0.0,0.0,0.0
,,CM1,1711,1300201,COMPLEM. LAB.- CIUTAT I MEDI AMBIENT,118191.0,0.0,118191.0,118191.0,29019.29,29019.29,29019.29,29019.29,29019.29,0.0,0.0,89171.71,0.0,0.0,0.0,0.0
,,CM2,1511,1300201,COMPLEM. LAB.- URBANISME .....,106088.0,0.0,106088.0,106088.0,27129.92,27129.92,27129.92,27129.92,27129.92,0.0,0.0,78958.08,0.0,0.0,0.0,0.0
,,CM2,1512,1300201,COMPLEM. LAB.- PROJECTES .....,41208.0,0.0,41208.0,41208.0,25478.79,25478.79,25478.79,25478.79,25478.79,0.0,0.0,15729.21,0.0,0.0,0.0,0.0
,,CM6,1721,1300201,COMPLEM. LAB.- MEDI AMBIENT,22219.0,0.0,22219.0,22219.0,5701.29,5701.29,5701.29,5701.29,5701.29,0.0,0.0,16517.71,0.0,0.0,0.0,0.0
,,SG1,9120,1300201,COMPLEM. LAB.-ALCALDIA,38121.0,0.0,38121.0,38121.0,8228.03,8228.03,8228.03,8228.03,8228.03,0.0,239251.11,29892.97,0.0,0.0,0.0,0.0
,,SG1,9202,1300201,COMPLEM. LAB.-SERVEIS JURÍDICS ....,53006.0,0.0,53006.0,53006.0,13552.88,13552.88,13552.88,13552.88,13552.88,0.0,239251.11,39453.12,0.0,0.0,0.0,0.0
,,SG1,9203,1300201,COMPLEMENTARIES LABORAL- CONTRACTACIO,7343.0,0.0,7343.0,7343.0,3119.21,3119.21,3119.21,3119.21,3119.21,0.0,239251.11,4223.79,0.0,0.0,0.0,0.0
,,SG1,9205,1300201,COMPLEM. LAB.- REC. HUMANS.,104756.0,0.0,104756.0,64756.0,15487.97,15487.97,15487.97,15487.97,15487.97,40000.0,239251.11,49268.03,0.0,0.0,0.0,0.0
,,SG1,9250,1300201,COMPLEM. LAB.- OFICINA ATENCIÓ AL CIUTADÀ,60072.0,0.0,60072.0,60072.0,17975.12,17975.12,17975.12,17975.12,17975.12,0.0,239251.11,42096.88,0.0,0.0,0.0,0.0
,,SG4,9206,1300201,COMPLEM. LAB.- INFORMATICA,30864.0,0.0,30864.0,30864.0,8510.73,8510.73,8510.73,8510.73,8510.73,0.0,239251.11,22353.27,0.0,0.0,0.0,0.0
,,SG4,9311,1300201,COMPLEM. LAB.- INTERVENCIO.,33523.0,0.0,33523.0,33523.0,11186.85,11186.85,11186.85,11186.85,11186.85,0.0,239251.11,22336.15,0.0,0.0,0.0,0.0
,,SG4,9340,1300201,COMPLEM. LAB.- GESTIÓ TRIBUTÀRIA I RECAPTACIÓ,41673.0,0.0,41673.0,41673.0,11170.88,11170.88,11170.88,11170.88,11170.88,0.0,239251.11,30502.12,0.0,0.0,0.0,0.0
,,SG5,1300,1300201,COMPLEM. LAB.- POLICIA .......,7261.0,0.0,7261.0,7261.0,2205.96,2205.96,2205.96,2205.96,2205.96,0.0,0.0,5055.04,0.0,0.0,0.0,0.0
,,SG8,2410,1300201,COMPLEM. LAB.- FORMACIÒ.,7275.0,0.0,7275.0,7275.0,1894.1,1894.1,1894.1,1894.1,1894.1,0.0,1686.45,5380.9,0.0,0.0,0.0,0.0
,,SG8,4310,1300201,COMPLEM. LAB.-COMERÇ,7275.0,0.0,7275.0,7275.0,2567.72,2567.72,2567.72,2567.72,2567.72,0.0,0.0,4707.28,0.0,0.0,0.0,0.0
,,SG8,4312,1300201,COMPLEM. LAB.-MERCATS,23999.0,0.0,23999.0,23999.0,5229.48,5229.48,5229.48,5229.48,5229.48,0.0,0.0,18769.52,0.0,0.0,0.0,0.0
,,SG8,4330,1300201,COMPLEM. LAB.-ACTIVITATS,25367.0,0.0,25367.0,25367.0,6247.89,6247.89,6247.89,6247.89,6247.89,0.0,0.0,19119.11,0.0,0.0,0.0,0.0
,,SP1,2310,1300201,COMPLEM. LAB.- ATENCIÓ PRIMÀRIA,192122.0,0.0,192122.0,192122.0,44650.86,44650.86,44650.86,44650.86,44650.86,0.0,1686.45,147471.14,0.0,0.0,0.0,0.0
,,SP1,2311,1300201,COMPLEM. LAB.- R.G.A.,798409.0,0.0,798409.0,798409.0,192579.41,192579.41,192579.41,192579.41,192579.41,0.0,1686.45,605829.59,0.0,0.0,0.0,0.0
,,SP1,3110,1300201,COMPLEM. LAB.-SANITAT .......,11895.0,0.0,11895.0,0.0,0.0,0.0,0.0,0.0,0.0,11895.0,59612.87,0.0,0.0,0.0,0.0,0.0
,,SP1,3230,1300201,COMPLEM. LAB.- EDUCACIO......,96388.0,0.0,96388.0,96388.0,20931.41,20931.41,20931.41,20931.41,20931.41,0.0,59612.87,75456.59,0.0,0.0,0.0,0.0
,,SP1,3260,1300201,COMPLEM. LAB.- ESCOLES MPALS.,36887.0,0.0,36887.0,36887.0,10423.15,10423.15,10423.15,10423.15,10423.15,0.0,59612.87,26463.85,0.0,0.0,0.0,0.0
,,SP3,3322,1300201,COMPLEM. LAB.- ARXIU I PATR.,22939.0,0.0,22939.0,22939.0,5471.38,5471.38,5471.38,5471.38,5471.38,0.0,59612.87,17467.62,0.0,0.0,0.0,0.0
,,SP3,3340,1300201,COMPLEM. LAB.- CULTURA .......,38002.0,0.0,38002.0,38002.0,14516.8,14516.8,14516.8,14516.8,14516.8,0.0,59612.87,23485.2,0.0,0.0,0.0,0.0
,,SP3,3370,1300201,COMPLEMEN. LAB.- JOVENTUT,27171.0,0.0,27171.0,27171.0,9154.42,9154.42,9154.42,9154.42,9154.42,0.0,59612.87,18016.58,0.0,0.0,0.0,0.0
,,SP3,3400,1300201,COMPLEM. LAB.- ESPORTS ......,182935.0,0.0,182935.0,182935.0,46787.39,46787.39,46787.39,46787.39,46787.39,0.0,59612.87,136147.61,0.0,0.0,0.0,0.0
,,CM1,1710,1310001,LABORAL EVENTUAL - BENESTAR COMUNITARI,0.0,0.0,0.0,0.0,0.0,0.0,0.0,0.0,0.0,0.0,0.0,0.0,0.0,0.0,0.0,0.0
,,SG1,9205,1310001,LABORAL EVENTUAL - RECURSOS HUMANS,25375.0,0.0,25375.0,13059.11,6858.64,6858.64,6858.64,6858.64,6858.64,12315.89,239251.11,6200.47,0.0,0.0,0.0,0.0
,,SG8,2410,1310001,LABORAL EVENTUAL .- PROMOCIÓ ECONÒMICA,0.0,0.0,0.0,0.0,0.0,0.0,0.0,0.0,0.0,0.0,1686.45,0.0,0.0,0.0,0.0,0.0
,,SG8,4320,1310001,LABORAL EVENTUAL -TURISME,0.0,0.0,0.0,0.0,0.0,0.0,0.0,0.0,0.0,0.0,0.0,0.0,0.0,0.0,0.0,0.0
,,SP1,2310,1310001,LABORAL EVENTUAL.- ATENCIÓ PRIMÀRIA,101500.0,0.0,101500.0,209968.97,64573.86,64573.86,64573.86,64573.86,64573.86,-108468.97,1686.45,145395.11,0.0,0.0,0.0,0.0
,,SP1,2311,1310001,PERS. EVENTUAL - R.G.A. ........,406000.0,0.0,406000.0,145106.71,136402.01,136402.01,136402.01,136402.01,136402.01,260893.29,1686.45,8704.7,0.0,0.0,0.0,0.0
,,SP1,3260,1310001,LABORAL EVENTUAL.- ESCOLES MUNICIPALS,162400.0,0.0,162400.0,116957.46,35964.72,35964.72,35964.72,35964.72,35964.72,45442.54,59612.87,80992.74,0.0,0.0,0.0,0.0
,,SP3,3400,1310001,LABORAL EVENTUAL.- SERV. MPAL. ESPORTS,0.0,0.0,0.0,0.0,0.0,0.0,0.0,0.0,0.0,0.0,59612.87,0.0,0.0,0.0,0.0,0.0
,,SG8,2410,1310011,PERSONAL TEMPORAL- PROJECTES SOIB,0.0,824004.45,824004.45,751968.87,367501.74,300313.19,300313.19,300313.19,300313.19,4772.85,1686.45,451729.86,67188.55,0.0,0.0,67188.55
,,SG1,9205,1500001,PRODUCTIVITAT.- REC. HUMANS.,391171.0,0.0,391171.0,391171.0,63982.55,63982.55,63982.55,63982.55,63982.55,0.0,239251.11,327188.45,0.0,0.0,0.0,0.0
,,CM1,1532,1600001,SEG. SOCIAL.- VIES PUBLIQUES...,45793.0,0.0,45793.0,45793.0,12802.13,12802.13,12802.13,12802.13,12802.13,0.0,0.0,32990.87,0.0,0.0,0.0,0.0
,,CM1,1650,1600001,SEG. SOCIAL.- ENLLUMENAT ......,43811.0,0.0,43811.0,43811.0,12248.04,12248.04,12248.04,12248.04,12248.04,0.0,0.0,31562.96,0.0,0.0,0.0,0.0
,,CM1,1710,1600001,SEG. SOCIAL.- PARCS I JARDIN,45201.0,0.0,45201.0,45201.0,12636.63,12636.63,12636.63,12636.63,12636.63,0.0,0.0,32564.37,0.0,0.0,0.0,0.0
,,CM1,1711,1600001,SEG. SOCIAL.- CIUTAT I MEDI AMBIENT,94530.0,0.0,94530.0,94530.0,26427.32,26427.32,26427.32,26427.32,26427.32,0.0,0.0,68102.68,0.0,0.0,0.0,0.0
,,CM2,1511,1600001,SEG. SOCIAL.- URBANISME ......,108937.0,0.0,108937.0,108937.0,30455.02,30455.02,30455.02,30455.02,30455.02,0.0,0.0,78481.98,0.0,0.0,0.0,0.0
,,CM2,1512,1600001,SEG. SOCIAL.- PROJECTES ......,21082.0,0.0,21082.0,21082.0,5893.8,5893.8,5893.8,5893.8,5893.8,0.0,0.0,15188.2,0.0,0.0,0.0,0.0
,,CM6,1721,1600001,SEG. SOCIAL.- MEDI AMBIENT,21742.0,0.0,21742.0,21742.0,6078.31,6078.31,6078.31,6078.31,6078.31,0.0,0.0,15663.69,0.0,0.0,0.0,0.0
,,SG1,9120,1600001,SEG. SOCIAL.- ORG. GOVERN...,40353.0,0.0,40353.0,40353.0,11281.31,11281.31,11281.31,11281.31,11281.31,0.0,239251.11,29071.69,0.0,0.0,0.0,0.0
,,SG1,9202,1600001,SEG.SOCIAL.-SERVEIS JURÍDICS,80339.0,0.0,80339.0,80339.0,22460.0,22460.0,22460.0,22460.0,22460.0,0.0,239251.11,57879.0,0.0,0.0,0.0,0.0
,,SG1,9203,1600001,SEG. SOCIAL.- CONTRACTACIÓ,15493.0,0.0,15493.0,15493.0,4331.31,4331.31,4331.31,4331.31,4331.31,0.0,239251.11,11161.69,0.0,0.0,0.0,0.0
,,SG1,9205,1600001,SEG. SOCIAL.- REC. HUMANS,252172.0,0.0,252172.0,180742.49,49647.7,49647.7,49647.7,49647.7,49647.7,71429.51,239251.11,131094.79,0.0,0.0,0.0,0.0
,,SG1,9250,1600001,SEG. SOCIAL.- OFICINA ATENCIÓ AL CIUTADÀ,49485.0,0.0,49485.0,49485.0,13834.29,13834.29,13834.29,13834.29,13834.29,0.0,239251.11,35650.71,0.0,0.0,0.0,0.0
,,SG4,9206,1600001,SEG. SOCIAL.- INFORMATICA,19502.0,0.0,19502.0,19502.0,5452.09,5452.09,5452.09,5452.09,5452.09,0.0,239251.11,14049.91,0.0,0.0,0.0,0.0
,,SG4,9311,1600001,SEG. SOCIAL.- INTERVENCIO.,37658.0,0.0,37658.0,37658.0,10527.87,10527.87,10527.87,10527.87,10527.87,0.0,239251.11,27130.13,0.0,0.0,0.0,0.0
,,SG4,9340,1600001,SEG. SOCIAL.- GESTIÓ TRIBUTÀRIA I RECAPTACIO,69021.0,0.0,69021.0,69021.0,19295.88,19295.88,19295.88,19295.88,19295.88,0.0,239251.11,49725.12,0.0,0.0,0.0,0.0
,,SG5,1300,1600001,SEG. SOCIAL.- POLICIA ........,550394.0,0.0,550394.0,550394.0,153871.12,153871.12,153871.12,153871.12,153871.12,0.0,0.0,396522.88,0.0,0.0,0.0,0.0
,,SG8,2410,1600001,SEG. SOCIAL.- FORMACIÓ,12430.0,242355.64,254785.64,199273.4,75217.23,21313.54,21313.54,21313.54,21313.54,1608.55,1686.45,177959.86,53903.69,0.0,0.0,66991.21
,,SG8,4310,1600001,SEG. SOCIAL.- COMERÇ,6221.0,0.0,6221.0,6221.0,1739.18,1739.18,1739.18,1739.18,1739.18,0.0,0.0,4481.82,0.0,0.0,0.0,0.0
,,SG8,4312,1600001,SEG. SOCIAL.- MERCATS,20375.0,0.0,20375.0,20375.0,5696.15,5696.15,5696.15,5696.15,5696.15,0.0,0.0,14678.85,0.0,0.0,0.0,0.0
,,SG8,4320,1600001,QUOTES SOCIALS,0.0,0.0,0.0,0.0,0.0,0.0,0.0,0.0,0.0,0.0,0.0,0.0,0.0,0.0,0.0,0.0
,,SG8,4330,1600001,SEG. SOCIAL.- ACTIVITATS,27492.0,0.0,27492.0,27492.0,7685.81,7685.81,7685.81,7685.81,7685.81,0.0,0.0,19806.19,0.0,0.0,0.0,0.0
,,SP1,2310,1600001,SEG. SOCIAL.- ATENCIÓ PRIMÀRIA,189425.0,0.0,189425.0,225337.04,57654.65,57654.65,57654.65,57654.65,57654.65,-35912.04,1686.45,167682.39,0.0,0.0,0.0,0.0
,,SP1,2311,1600001,SEG. SOCIAL.- R.G.A.,660882.0,0.0,660882.0,578835.62,154985.48,154985.48,154985.48,154985.48,154985.48,82046.38,1686.45,423850.14,0.0,0.0,0.0,0.0
,,SP1,3110,1600001,SEG. SOCIAL.-SANITAT ........,8640.0,0.0,8640.0,8640.0,2415.44,2415.44,2415.44,2415.44,2415.44,0.0,59612.87,6224.56,0.0,0.0,0.0,0.0
,,SP1,3230,1600001,SEG. SOCIAL.- EDUCACIO ......,75423.0,0.0,75423.0,75423.0,21085.66,21085.66,21085.66,21085.66,21085.66,0.0,59612.87,54337.34,0.0,0.0,0.0,0.0
,,SP1,3260,1600001,SEG. SOCIAL.- ESCOLES MUNICIPALS,74142.0,0.0,74142.0,59971.67,13927.01,13927.01,13927.01,13927.01,13927.01,14170.33,59612.87,46044.66,0.0,0.0,0.0,0.0
,,SP3,3322,1600001,SEG. SOCIAL.- ARXIU I PATR..,31417.0,0.0,31417.0,31417.0,8783.1,8783.1,8783.1,8783.1,8783.1,0.0,59612.87,22633.9,0.0,0.0,0.0,0.0
,,SP3,3340,1600001,SEG. SOCIAL.- CULTURA ........,30414.0,0.0,30414.0,30414.0,8502.7,8502.7,8502.7,8502.7,8502.7,0.0,59612.87,21911.3,0.0,0.0,0.0,0.0
,,SP3,3370,1600001,SEG. SOCIAL.- JOVENTUT,21503.0,0.0,21503.0,21503.0,6011.49,6011.49,6011.49,6011.49,6011.49,0.0,59612.87,15491.51,0.0,0.0,0.0,0.0
,,SP3,3400,1600001,SEG. SOCIAL.- ESPORTS .......,139356.0,0.0,139356.0,139356.0,38959.12,38959.12,38959.12,38959.12,38959.12,0.0,59612.87,100396.88,0.0,0.0,0.0,0.0
,,SG1,9120,1600101,SEG.SOCIAL.-ORG.GOVERN D.EX.,77049.0,0.0,77049.0,77049.0,0.0,0.0,0.0,0.0,0.0,0.0,239251.11,77049.0,0.0,0.0,0.0,0.0
,,SG1,9205,1610401,INDEMNIZACIÓ PER JUBILACIONS ANTICIPADES,10000.0,0.0,10000.0,0.0,0.0,0.0,0.0,0.0,0.0,10000.0,239251.11,0.0,0.0,0.0,0.0,0.0
,,SG1,9205,1620001,FUNCIONARIS.- FORMACIÓ,4000.0,0.0,4000.0,0.0,919.6,919.6,919.6,919.6,919.6,3080.4,239251.11,0.0,0.0,0.0,0.0,0.0
,,SG1,9205,1620401,FUNCIONARIS.- ACCIO SOCIAL,85000.0,0.0,85000.0,11577.73,11577.73,11577.73,11577.73,11577.73,11577.73,73422.27,239251.11,0.0,0.0,0.0,0.0,0.0
,,SG1,9205,1630001,PERSONAL LABORAL.- FORMACIO,6000.0,0.0,6000.0,0.0,600.0,600.0,600.0,600.0,600.0,5400.0,239251.11,0.0,0.0,0.0,0.0,0.0
,,SG1,9205,1630401,PERSONAL LABORAL.- ACCIO SOC.,115000.0,0.0,115000.0,22410.52,22410.52,22410.52,22410.52,22410.52,22410.52,92589.48,239251.11,0.0,0.0,0.0,0.0,0.0
,,SG1,9205,1630501,PERSONAL LABORAL.-ASSEGURANCES,4500.0,0.0,4500.0,0.0,0.0,0.0,0.0,0.0,0.0,4500.0,239251.11,0.0,0.0,0.0,0.0,0.0
,,SG5,1300,2000001,LLOGUER TERRENYS.- POLICIA,205000.0,0.0,205000.0,11025.0,57432.7,57432.7,42370.67,41115.5,32219.97,139232.87,168879.18,8334.43,0.0,15062.03,1255.17,0.0
,,CM1,1711,2020001,LLOGUERS EDIFICIS- MICROCIUTAT,25000.0,0.0,25000.0,25000.0,7494.45,7494.45,7494.45,7494.45,5394.45,-4248.12,947355.08,21753.67,0.0,0.0,0.0,0.0
,,SG4,9311,2020001,LLOGUER EDIFICI SANT ROC .- GESTIÓ PRES.,29000.0,0.0,29000.0,24504.56,6743.16,6743.16,6743.16,6743.16,2247.72,0.0,3.17,22256.84,0.0,0.0,0.0,0.0
,,SG5,1300,2020001,LLOGUERS D'EDIFICIS- POLICIA,25000.0,0.0,25000.0,0.0,3085.5,3085.5,3085.5,2057.0,1028.5,21914.5,168879.18,0.0,0.0,0.0,1028.5,0.0
,,SP1,1522,2020001,LLOGUERS D'EDIFICIS- HABITATGE,20000.0,0.0,20000.0,20000.0,5179.93,5179.93,5179.93,5179.93,3931.42,0.0,0.0,14820.07,0.0,0.0,0.0,0.0
,,SP3,3322,2020001,LLOGUER DEPENDÈNCIES - ARXIU,28000.0,0.0,28000.0,28000.0,8962.04,8962.04,8962.04,8962.04,6721.53,-2240.51,22.39,21278.47,0.0,0.0,0.0,0.0
,,SG1,9203,2030001,LLOGUER MAQUINARIA.- CONTRACTACIO,40000.0,0.0,40000.0,0.0,4146.01,4146.01,4146.01,4146.01,4146.01,35853.99,163471.07,0.0,0.0,0.0,0.0,0.0
,,CM1,1711,2040001,LLOGUER VEHICLES.-MICROCIUTAT,30000.0,0.0,30000.0,30000.0,9415.42,9415.42,9415.42,9415.42,9415.42,0.0,947355.08,20584.58,0.0,0.0,0.0,0.0
,,CM1,1532,2100001,REP.MANT.VIES PUBL.- VIES PUBLIQUES,180000.0,0.0,180000.0,180000.0,21374.25,21374.25,21374.25,21374.25,21374.25,-3054.52,947355.08,161680.27,0.0,0.0,0.0,0.0
,,CM1,1710,2100001,REP.MANT.VIES PUBL.- PARCS I JARDINS,80000.0,0.0,80000.0,80000.0,62702.67,62702.67,62702.67,62702.67,62702.67,-23485.11,947355.08,40782.44,0.0,0.0,0.0,0.0
,,SG5,1300,2100001,CONSERVACIÓ VIES PÚBLIQUES.- POLICIA,50000.0,57156.11,107156.11,0.0,120145.96,120145.96,62989.85,5833.96,5833.96,-12989.85,168879.18,0.0,0.0,57156.11,57155.89,57156.11
,,CM1,1719,2120001,REP. MANT EDIFICIS MUNICIPALS,100000.0,0.0,100000.0,94976.7,6129.05,6129.05,6129.05,6129.05,6129.05,0.0,947355.08,93870.95,0.0,0.0,0.0,0.0
,,SG5,1300,2120001,REP.MANT.EDIFICIS.- POLICIA,1200.0,0.0,1200.0,0.0,108.09,108.09,108.09,108.09,108.09,1091.91,168879.18,0.0,0.0,0.0,0.0,0.0
,,SG8,2410,2120001,MANT.EDIFICIS I ALTRES CONSTRUCCIONS-FOR OCUPACIO,6000.0,0.0,6000.0,0.0,0.0,0.0,0.0,0.0,0.0,6000.0,46571.01,0.0,0.0,0.0,0.0,0.0
,,SG8,4310,2120001,EDIFICIS I ALTRES CONSTRUCCIONS.- PPAL DE GUARDIA,10000.0,0.0,10000.0,0.0,1.25,1.25,1.25,1.25,0.0,9998.75,133774.07,0.0,0.0,0.0,0.0,0.0
,,SG8,4312,2120001,MANT.EDIFICIS I ALTRES CONSTRUCCIONS PEIXATERIA,3000.0,0.0,3000.0,0.0,12.56,12.56,12.56,12.56,0.0,2987.44,133774.07,0.0,0.0,0.0,0.0,0.0
,,SP1,1640,2120001,REP.MANT.ZONES CEMENTIRI,10500.0,0.0,10500.0,10500.0,0.0,0.0,0.0,0.0,0.0,0.0,0.0,10500.0,0.0,0.0,0.0,0.0
,,SP1,2311,2120001,REP.MANT.EDIFICIS.- RGA,85000.0,0.0,85000.0,80386.13,789.95,789.95,789.95,557.22,557.22,4613.87,0.0,79596.18,0.0,0.0,232.73,0.0
,,SP1,3230,2120001,REP.MANT.EDIFICIS.- EDUCACIO,70000.0,0.0,70000.0,70000.0,6239.55,6239.55,6239.55,3889.89,2684.79,-580.34,752.82,64340.79,0.0,0.0,2349.66,0.0
,,SP3,3300,2120001,EDIFICIS I ALTRES CONSTRUCCIONS - CULTURA,12000.0,0.0,12000.0,12000.0,7088.08,7088.08,3576.23,3576.23,3511.86,0.0,22.39,4911.92,0.0,3511.85,0.0,0.0
,,SP3,3341,2120001,REP.MANT.EDIFICIS.- CENTRE ART HDEZ  SANZ,10000.0,0.0,10000.0,10000.0,4834.56,4834.56,4834.56,4834.56,4834.56,0.0,22.39,5165.44,0.0,0.0,0.0,0.0
,,SP3,3400,2120001,REP.MANT.EDIFICIS.- ESPORTS,10000.0,0.0,10000.0,10000.0,2684.5,2684.5,2684.5,2684.5,2684.5,-373.27,22.39,7688.77,0.0,0.0,0.0,0.0
,,CM1,1621,2130001,CONSERVACIÓ INSTALACIONS - RSU,0.0,5415.1,5415.1,0.0,5415.1,5415.1,0.0,0.0,0.0,0.0,0.0,0.0,0.0,5415.1,0.0,5415.1
,,CM1,1650,2130001,REP.MANT.MAQ.INSTAL.UTIL.- ENLLUM. PUB.,60000.0,0.0,60000.0,60000.0,5272.79,5272.79,5272.79,5272.79,5272.79,-48.19,947355.08,54775.4,0.0,0.0,0.0,0.0
,,CM1,1710,2130001,REP.MANT.MAQ.INSTAL.UTIL.- PARCS I JARD.,3000.0,0.0,3000.0,3000.0,2342.08,2342.08,2342.08,2342.08,2342.08,0.0,947355.08,657.92,0.0,0.0,0.0,0.0
,,CM1,1711,2130001,REP.MANT.MAQ.INSTAL.UTIL.-MICROCIUTAT,0.0,4000.0,4000.0,0.0,6710.2,2710.2,2710.2,2710.2,2710.2,-2710.2,947355.08,0.0,4000.0,0.0,0.0,4000.0
,,CM1,1719,2130001,REP. MANT MAQ.INSTAL. UTILLATGE - EDIFICIS MUNICIPALS,8000.0,0.0,8000.0,8000.0,303.14,303.14,303.14,303.14,303.14,0.0,947355.08,7696.86,0.0,0.0,0.0,0.0
,,CM2,1511,2130001,"MAQUINARIA, INSTAL.LACIONS I ESTRIS,. URBANISME",2000.0,0.0,2000.0,2000.0,0.0,0.0,0.0,0.0,0.0,0.0,23250.38,2000.0,0.0,0.0,0.0,0.0
,,SG1,9120,2130001,REP.MANT.MAQ.INSTAL.UTIL.- ORG. GOVERN,500.0,0.0,500.0,0.0,0.0,0.0,0.0,0.0,0.0,500.0,163471.07,0.0,0.0,0.0,0.0,0.0
,,SG1,9203,2130001,REP.MANT.MAQ.INSTAL.UTIL.- CONTRACTACIÓ,300.0,0.0,300.0,0.0,0.0,0.0,0.0,0.0,0.0,300.0,163471.07,0.0,0.0,0.0,0.0,0.0
,,SG4,9311,2130001,"MAQUINARIA, INSTAL.LACIONS.- SERV. ECONÒMICS",1000.0,0.0,1000.0,1000.0,0.0,0.0,0.0,0.0,0.0,0.0,3.17,1000.0,0.0,0.0,0.0,0.0
,,SG5,1300,2130001,REP.MANT.MAQ.INSTAL.UTIL.- POLICIA,10000.0,0.0,10000.0,0.0,617.28,617.28,617.28,617.28,617.28,9382.72,168879.18,0.0,0.0,0.0,0.0,0.0
,,SP1,2310,2130001,REP.MANT.MAQ.INSTAL.UTIL.-ATEN. PRIMÀRIA,5000.0,0.0,5000.0,5000.0,1066.85,1066.85,1066.85,1066.85,1066.85,0.0,0.0,3933.15,0.0,0.0,0.0,0.0
,,SP1,2311,2130001,REP.MANT.MAQ.INSTAL.UTIL.- R.G.A,70000.0,0.0,70000.0,64823.41,8364.61,8364.61,8364.61,6198.65,6198.65,4327.69,0.0,57307.7,0.0,0.0,2165.96,0.0
,,SP1,3230,2130001,REP.MANT.MAQ.INSTAL.UTIL.- EDUCACIO,37000.0,0.0,37000.0,37000.0,11582.26,11582.26,11582.26,8382.41,8316.69,0.0,752.82,25417.74,0.0,0.0,3199.85,0.0
,,SP3,3300,2130001,"MAQUINARIA, INSTAL.LACIONS I ESTRIS- SM CULTURA SC",10000.0,0.0,10000.0,10000.0,661.02,661.02,661.02,661.02,409.39,-409.39,22.39,9748.37,0.0,0.0,0.0,0.0
,,SP3,3322,2130001,REP.MANT.MAQ.INSTAL.UTIL.- ARXIU,500.0,0.0,500.0,500.0,0.0,0.0,0.0,0.0,0.0,0.0,22.39,500.0,0.0,0.0,0.0,0.0
,,SP3,3400,2130001,REP.MANT.MAQ.INSTAL.UTIL.- ESPORTS,45000.0,0.0,45000.0,45000.0,5948.36,5948.36,5948.36,5948.36,5948.36,-667.45,22.39,39719.09,0.0,0.0,0.0,0.0
,,CM1,1711,2140001,REP.MANT.VEHICLES.-  MICROCIUTAT,12000.0,0.0,12000.0,11762.27,2780.57,2780.57,2780.57,2780.57,2780.57,0.0,947355.08,9219.43,0.0,0.0,0.0,0.0
,,CM1,1719,2140001,REP. MANT VEHICLES - EDIFICIS MUNICIPALS,5000.0,0.0,5000.0,4880.15,119.85,119.85,119.85,119.85,59.35,0.0,947355.08,4880.15,0.0,0.0,0.0,0.0
,,SG5,1300,2140001,REP.MANT.VEHICLES.- POLICIA,18000.0,0.0,18000.0,0.0,4589.33,4589.33,4589.33,4100.09,4100.09,13410.67,168879.18,0.0,0.0,0.0,489.24,0.0
,,SP1,2311,2140001,REP.MANT.VEHICLES.- R.G.A,10000.0,0.0,10000.0,10000.0,0.0,0.0,0.0,0.0,0.0,0.0,0.0,10000.0,0.0,0.0,0.0,0.0
,,SP1,3230,2140001,REP.MANT.VEHICLES.-EDUCACIO,400.0,0.0,400.0,400.0,0.0,0.0,0.0,0.0,0.0,0.0,752.82,400.0,0.0,0.0,0.0,0.0
,,SG4,9206,2160001,REP.MANT.EQUIPS INFORMATICS.,5000.0,0.0,5000.0,4465.02,534.98,534.98,534.98,534.98,534.98,0.0,3.17,4465.02,0.0,0.0,0.0,0.0
,,SG1,9120,2200001,MAT. OFICINA ORDINARI.- ORG. GOVERN,100.0,0.0,100.0,0.0,0.0,0.0,0.0,0.0,0.0,100.0,163471.07,0.0,0.0,0.0,0.0,0.0
,,SG1,9250,2200001,MAT. OFICINA ORDINARI.- OAC,500.0,0.0,500.0,0.0,0.0,0.0,0.0,0.0,0.0,500.0,163471.07,0.0,0.0,0.0,0.0,0.0
,,SG4,9311,2200001,MAT. OFICINA ORDINARI.- GESTIÓ PRES.,18000.0,0.0,18000.0,15148.57,4690.55,4690.55,4690.55,4240.94,4092.52,0.0,3.17,13309.45,0.0,0.0,449.61,0.0
,,SP1,2310,2200001,MAT. OFICINA ORDINARI.- ATENCIÓ PRIMARIA,1000.0,0.0,1000.0,1000.0,0.0,0.0,0.0,0.0,0.0,0.0,0.0,1000.0,0.0,0.0,0.0,0.0
,,SP1,2311,2200001,MAT. OFICINA ORDINARI.- RGA,1000.0,0.0,1000.0,1000.0,93.4,93.4,93.4,64.09,64.09,0.0,0.0,906.6,0.0,0.0,29.31,0.0
,,SP3,3400,2200001,MAT. OFICINA ORDINARI.- ESPORTS,900.0,0.0,900.0,900.0,0.0,0.0,0.0,0.0,0.0,0.0,22.39,900.0,0.0,0.0,0.0,0.0
,,SG1,9120,2200101,"PREMSA,  LLIBRES, SUBSCRIP.- ORG. GOVERN",700.0,0.0,700.0,0.0,0.0,0.0,0.0,0.0,0.0,700.0,163471.07,0.0,0.0,0.0,0.0,0.0
,,SG4,9311,2200101,"PREMSA, LLIBRES, SUBSCRIP..- G. PRES.",600.0,0.0,600.0,385.0,215.0,215.0,215.0,215.0,215.0,0.0,3.17,385.0,0.0,0.0,0.0,0.0
,,SP3,3322,2200101,"PREMSA, LLIBRES, SUBSCRIPCIONS- ARXIU",700.0,0.0,700.0,700.0,0.0,0.0,0.0,0.0,0.0,0.0,22.39,700.0,0.0,0.0,0.0,0.0
,,SG4,9311,2200201,MAT.INFORMÀTIC CONSUM. - GESTIÓ PRES.,3000.0,0.0,3000.0,3000.0,82.23,82.23,82.23,82.23,0.0,0.0,3.17,2917.77,0.0,0.0,0.0,0.0
,,CM1,1650,2210001,ENERGIA ELECTRICA.-ENLLUMENAT PUBLIC I EDIFICIS MPALS.,900000.0,0.0,900000.0,0.0,117423.1,117423.1,117423.1,117423.1,117423.1,782576.9,947355.08,0.0,0.0,0.0,0.0,0.0
,,SP1,3230,2210101,SUBMINISTRAMENT D'AIGUA.- EDUCACIÓ,1400.0,0.0,1400.0,1400.0,656.97,656.97,656.97,656.97,656.97,0.0,752.82,743.03,0.0,0.0,0.0,0.0
,,CM1,1711,2210301,COMBUSTIBLE I CARBURANTS.-  MICROCIUTAT,20000.0,0.0,20000.0,20000.0,1597.15,1597.15,1597.15,1597.15,1597.15,-1597.15,947355.08,20000.0,0.0,0.0,0.0,0.0
,,CM1,1719,2210301,COMBUSTIBLES I CARB. - EDIFICIS MUNICIPALS,4000.0,0.0,4000.0,4000.0,0.0,0.0,0.0,0.0,0.0,0.0,947355.08,4000.0,0.0,0.0,0.0,0.0
,,SG5,1300,2210301,COMBUSTIBLE I CARBURANTS.- POLICIA,28000.0,0.0,28000.0,0.0,2988.0,2988.0,2988.0,1516.31,1516.31,25012.0,168879.18,0.0,0.0,0.0,1471.69,0.0
,,SP1,2311,2210301,COMBUSTIBLE I CARBURANTS.- R.G.A,72000.0,0.0,72000.0,72000.0,14245.65,14245.65,14245.65,14245.65,14245.65,0.0,0.0,57754.35,0.0,0.0,0.0,0.0
,,SP1,3230,2210301,COMBUSTIBLE I CARBURANTS.-EDUCACIO,58000.0,0.0,58000.0,58000.0,13681.76,13681.76,13681.76,12327.09,9612.39,-55.79,752.82,44374.03,0.0,0.0,1354.67,0.0
,,SP3,3400,2210301,COMBUSTIBLE I CARBURANTS.-ESPORTS,75000.0,0.0,75000.0,75000.0,13369.03,13369.03,13369.03,13369.03,11059.29,-49.01,22.39,61679.98,0.0,0.0,0.0,0.0
,,CM1,1711,2210401,VESTUARI. -  MICROCIUTAT,15000.0,0.0,15000.0,15000.0,365.56,365.56,365.56,365.56,365.56,0.0,947355.08,14634.44,0.0,0.0,0.0,0.0
,,CM1,1719,2210401,VESTUARI. - EDIFICIS MUNICIPALS,6000.0,0.0,6000.0,6000.0,0.0,0.0,0.0,0.0,0.0,0.0,947355.08,6000.0,0.0,0.0,0.0,0.0
,,SG5,1300,2210401,VESTUARI.-POLICIA,40000.0,0.0,40000.0,25881.0,0.0,0.0,0.0,0.0,0.0,14119.0,168879.18,25881.0,0.0,0.0,0.0,0.0
,,SP1,2310,2210401,"VESTUARI,-ATENCIÓ PRIMÀRIA",350.0,0.0,350.0,350.0,0.0,0.0,0.0,0.0,0.0,0.0,0.0,350.0,0.0,0.0,0.0,0.0
,,SP1,2311,2210401,"VESTUARI,-R.G.A",10000.0,0.0,10000.0,10000.0,506.04,506.04,506.04,47.63,47.63,0.0,0.0,9493.96,0.0,0.0,458.41,0.0
,,SP1,3230,2210401,VESTUARI.- EDUCACIÓ,600.0,0.0,600.0,600.0,475.64,475.64,475.64,475.64,475.64,-167.83,752.82,292.19,0.0,0.0,0.0,0.0
,,SP3,3400,2210401,VESTUARI ESPORTS,5000.0,0.0,5000.0,5000.0,0.0,0.0,0.0,0.0,0.0,0.0,22.39,5000.0,0.0,0.0,0.0,0.0
,,SP1,2311,2210501,PRODUCTES ALIMENTICIS.-RGA,170000.0,0.0,170000.0,165000.0,26718.93,26718.93,26718.93,9447.77,9447.77,5000.0,0.0,138281.07,0.0,0.0,17271.16,0.0
,,SP1,2311,2210601,PRODUCTES FARMACÈUTICS.-R.G.A,3000.0,0.0,3000.0,3000.0,196.12,196.12,196.12,0.0,0.0,0.0,0.0,2803.88,0.0,0.0,196.12,0.0
,,SP3,3400,2210601,PRODUCTES FARMACÈUTICS.-ESPORTS,1000.0,0.0,1000.0,1000.0,0.0,0.0,0.0,0.0,0.0,0.0,22.39,1000.0,0.0,0.0,0.0,0.0
,,SP1,2311,2211001,PRODUCTES DE HIGIENE.-R.G.A,18000.0,0.0,18000.0,18000.0,5833.14,5833.14,5833.14,2954.95,2954.95,0.0,0.0,12166.86,0.0,0.0,2878.19,0.0
,,CM2,1512,2219901,PRODUCTES VARIS.- OBRA PUBLICA,0.0,0.0,0.0,0.0,0.0,0.0,0.0,0.0,0.0,0.0,23250.38,0.0,0.0,0.0,0.0,0.0
,,SG4,9206,2219901,PRODUCTES VARIS.-  INFORMATICA,4000.0,0.0,4000.0,3754.99,245.01,245.01,245.01,245.01,245.01,0.0,3.17,3754.99,0.0,0.0,0.0,0.0
,,SG4,9311,2219901,PRODUCTES VARIS.- GESTIÓ PRES.,3000.0,0.0,3000.0,3000.0,451.09,451.09,451.09,451.09,0.0,0.0,3.17,2548.91,0.0,0.0,0.0,0.0
,,SG5,1300,2219901,PRODUCTES VARIS.-  POLICIA,20000.0,0.0,20000.0,18.76,349.48,349.48,349.48,349.48,349.48,19631.76,168879.18,18.76,0.0,0.0,0.0,0.0
,,SP1,2311,2219901,PRODUCTES VARIS.- R.G.A,6000.0,0.0,6000.0,5945.75,1085.08,1085.08,978.9,887.67,887.67,54.25,0.0,4860.67,0.0,106.18,91.23,0.0
,,SP1,3231,2219901,MATERIALS DIVERS - ESCOLES INFANTILS 0-3,30000.0,0.0,30000.0,30000.0,826.78,826.78,826.78,826.78,826.78,0.0,752.82,29173.22,0.0,0.0,0.0,0.0
,,SP3,3400,2219901,PRODUCTES VARIS.- ESPORTS,10000.0,0.0,10000.0,10000.0,2080.35,2080.35,2080.35,2080.35,2080.35,-850.92,22.39,8770.57,0.0,0.0,0.0,0.0
,,SG4,9206,2220001,COMUNICACIONS TELEFÒNIQUES.,50000.0,0.0,50000.0,40369.55,39993.45,9993.45,9993.45,9993.45,9993.45,0.0,3.17,10006.55,30000.0,0.0,0.0,0.0
,,SG4,9340,2220101,COM. POSTALS (SEGELLS).- G. FINANCERA,60000.0,0.0,60000.0,58828.95,2061.41,2061.41,2061.41,2061.41,2061.41,0.0,3.17,57938.59,0.0,0.0,0.0,0.0
,,SG1,9202,2240001,ASSEGURANCES.-SECRETARIA,60000.0,0.0,60000.0,60000.0,0.0,0.0,0.0,0.0,0.0,0.0,163471.07,60000.0,0.0,0.0,0.0,0.0
,,SG5,1300,2240001,ASSEGURANCES.-POLICIA,8000.0,0.0,8000.0,0.0,211.25,211.25,211.25,211.25,0.0,7788.75,168879.18,0.0,0.0,0.0,0.0,0.0
,,SP1,2310,2240001,ASSEGURANCES,0.0,0.0,0.0,0.0,0.0,0.0,0.0,0.0,0.0,0.0,0.0,0.0,0.0,0.0,0.0,0.0
,,SP1,2311,2240001,ASSEGURANCES.-R.G.A,7500.0,0.0,7500.0,7500.0,0.0,0.0,0.0,0.0,0.0,0.0,0.0,7500.0,0.0,0.0,0.0,0.0
,,SP1,3230,2240001,ASSEGURANCES.- EDUCACIO,400.0,0.0,400.0,400.0,0.0,0.0,0.0,0.0,0.0,0.0,752.82,400.0,0.0,0.0,0.0,0.0
,,SP3,3380,2240001,ASSEGURANCES.-FESTES,12000.0,0.0,12000.0,12000.0,862.58,862.58,862.58,862.58,862.58,0.0,22.39,11137.42,0.0,0.0,0.0,0.0
,,SP3,3400,2240001,ASSEGURANCES ESPORTS,5000.0,0.0,5000.0,5000.0,0.0,0.0,0.0,0.0,0.0,0.0,22.39,5000.0,0.0,0.0,0.0,0.0
,,CM1,1610,2250001,TRIBUTS.- AIGUA I SANEJAMENT,30000.0,0.0,30000.0,30000.0,0.0,0.0,0.0,0.0,0.0,0.0,947355.08,30000.0,0.0,0.0,0.0,0.0
,,CM1,1532,2260001,CONCESSIÓN CANON COSTES- CASETA CREU ROJA,0.0,0.0,0.0,0.0,0.0,0.0,0.0,0.0,0.0,0.0,947355.08,0.0,0.0,0.0,0.0,0.0
,,CM1,1610,2260001,CONCESSIONS ADMINISTRATIVES.-AIGUA,10000.0,0.0,10000.0,10000.0,0.0,0.0,0.0,0.0,0.0,0.0,947355.08,10000.0,0.0,0.0,0.0,0.0
,,CM6,1721,2260001,CANONS COSTES - CASETA CREU ROJA,2000.0,0.0,2000.0,2000.0,305.73,305.73,305.73,305.73,305.73,0.0,0.0,1694.27,0.0,0.0,0.0,0.0
,,SG1,9120,2260101,ATENCIONS REPRESENTATIVES.- ORG. GOV.,10000.0,0.0,10000.0,0.0,0.0,0.0,0.0,0.0,0.0,10000.0,163471.07,0.0,0.0,0.0,0.0,0.0
,,CM2,1511,2260201,PUBLICITAT I PROPAGANDA.-  URBANISME,3000.0,0.0,3000.0,0.0,2892.38,2892.38,2892.38,2892.38,2892.38,107.62,23250.38,0.0,0.0,0.0,0.0,0.0
,,CM6,1721,2260201,PUBLICITAT I PROPAGANDA.- MEDI AMBIENT,10000.0,0.0,10000.0,10000.0,260.15,260.15,260.15,0.0,0.0,0.0,0.0,9739.85,0.0,0.0,260.15,0.0
,,SG1,9202,2260201,PUBLICITAT I PROPAGANDA.- SECRETARIA,300.0,0.0,300.0,0.0,0.0,0.0,0.0,0.0,0.0,300.0,163471.07,0.0,0.0,0.0,0.0,0.0
,,SG1,9203,2260201,PUBLICITAT I PROPAGANDA.-CONTRACTACIO,6000.0,0.0,6000.0,0.0,1471.16,1471.16,1471.16,1471.16,1471.16,4528.84,163471.07,0.0,0.0,0.0,0.0,0.0
,,SG1,9250,2260201,PUBLICITAT I PROPAGANDA.- OAC,1000.0,0.0,1000.0,0.0,0.0,0.0,0.0,0.0,0.0,1000.0,163471.07,0.0,0.0,0.0,0.0,0.0
,,SG1,9260,2260201,PUBLICITAT I PROPAGANDA.-COMUNICACIO,20000.0,0.0,20000.0,0.0,7660.73,7660.73,7660.73,7493.75,7493.75,12339.27,163471.07,0.0,0.0,0.0,166.98,0.0
,,SG8,4310,2260201,PUBLICITAT I PROPAGANDA.-COMERÇ,4000.0,0.0,4000.0,0.0,450.56,450.56,450.56,450.56,181.5,3549.44,133774.07,0.0,0.0,0.0,0.0,0.0
,,SG8,4312,2260201,PUBLICITAT I PROPAGANDA.- MERCATS,5000.0,0.0,5000.0,0.0,586.85,586.85,586.85,0.0,0.0,4413.15,133774.07,0.0,0.0,0.0,586.85,0.0
,,SG8,4320,2260201,PUBLICITAT I PROPAGANDA.-TURISME,6000.0,0.0,6000.0,0.0,302.5,302.5,302.5,302.5,0.0,5697.5,133774.07,0.0,0.0,0.0,0.0,0.0
,,SG8,4330,2260201,PUBLICITAT I PROPAGANDA.-  ACTIVITATS,4000.0,0.0,4000.0,0.0,0.0,0.0,0.0,0.0,0.0,4000.0,133774.07,0.0,0.0,0.0,0.0,0.0
,,SP1,1522,2260201,PUBLICITAT I PROPAGANDA- HABITATGE,1500.0,0.0,1500.0,1500.0,0.0,0.0,0.0,0.0,0.0,0.0,0.0,1500.0,0.0,0.0,0.0,0.0
,,SP1,2310,2260201,PUBLICITAT I PROPAGANDA.-  ATE.PRIMÀRIA,10000.0,0.0,10000.0,10000.0,2828.98,2828.98,2828.98,1686.74,1686.74,0.0,0.0,7171.02,0.0,0.0,1142.24,0.0
,,SP1,3230,2260201,PUBLICITAT I PROPAGANDA.- EDUCACIO,3000.0,0.0,3000.0,3000.0,0.0,0.0,0.0,0.0,0.0,0.0,752.82,3000.0,0.0,0.0,0.0,0.0
,,SP1,3260,2260201,PUBLICITAT I PROPAGANDA.- ESC.MUNICIPALS,1500.0,0.0,1500.0,1500.0,0.0,0.0,0.0,0.0,0.0,0.0,752.82,1500.0,0.0,0.0,0.0,0.0
,,SP3,3322,2260201,PUBLICITAT I PROPAGANDA.- ARXIU,1000.0,0.0,1000.0,1000.0,229.9,229.9,229.9,229.9,229.9,0.0,22.39,770.1,0.0,0.0,0.0,0.0
,,SP3,3341,2260201,PUBLICITAT I PROPAGANDA.- CENTRE ART HDEZ  SANZ,10000.0,0.0,10000.0,10000.0,392.04,392.04,392.04,392.04,392.04,0.0,22.39,9607.96,0.0,0.0,0.0,0.0
,,SP3,3344,2260201,PUBLICITAT I PROPAGANDA.- PROMO. CULT.,15000.0,0.0,15000.0,15000.0,776.82,776.82,776.82,776.82,776.82,0.0,22.39,14223.18,0.0,0.0,0.0,0.0
,,SP3,3370,2260201,PUBLICITAT I PROPAGANDA.-OCI I TEMPS LLIURE,1000.0,0.0,1000.0,1000.0,0.0,0.0,0.0,0.0,0.0,0.0,22.39,1000.0,0.0,0.0,0.0,0.0
,,SP3,3380,2260201,PUBLICITAT I PROPAGANDA.- FESTES,26000.0,0.0,26000.0,26000.0,2813.41,2813.41,2813.41,2813.41,1745.8,-798.77,22.39,23985.36,0.0,0.0,0.0,0.0
,,CM2,1511,2260401,DESPESES JURÍDIQUES.-URBANISME,2500.0,0.0,2500.0,2500.0,112.74,112.74,112.74,112.74,112.74,0.0,23250.38,2387.26,0.0,0.0,0.0,0.0
,,SG1,9202,2260401,DESPESES JURIDIQUES.- SECRETARIA,18000.0,0.0,18000.0,0.0,1918.34,1918.34,1918.34,1918.34,608.67,16081.66,163471.07,0.0,0.0,0.0,0.0,0.0
,,SG1,9205,2260601,CURSOS FORMACIÓN INTERNA S.-RRHH,4000.0,0.0,4000.0,0.0,0.0,0.0,0.0,0.0,0.0,4000.0,163471.07,0.0,0.0,0.0,0.0,0.0
,,CM1,1621,2269901,ALTRES DESPESES VARIES.-RSU,15000.0,0.0,15000.0,15000.0,1800.48,1800.48,1800.48,1800.48,1800.48,-1103.52,947355.08,14303.04,0.0,0.0,0.0,0.0
,,CM1,1700,2269901,ALTRES DESPESES VÀRIES.- RECURSOS I SOSTENIBILITAT,15000.0,0.0,15000.0,15000.0,3418.25,3418.25,30.25,30.25,30.25,-30.25,947355.08,11612.0,0.0,3388.0,0.0,0.0
,,CM1,1711,2269901,ALTRES DESPESES VARIES.- MICROCIUTAT,85000.0,0.0,85000.0,85000.0,46798.76,46798.76,26383.64,26383.64,26383.64,-48.4,947355.08,38249.64,0.0,20415.12,0.0,0.0
,,CM1,1719,2269901,ALTRES DESPESES VÀRIES- EDIFICIS MUNICIPALS,8000.0,0.0,8000.0,8000.0,0.0,0.0,0.0,0.0,0.0,0.0,947355.08,8000.0,0.0,0.0,0.0,0.0
,,CM2,1511,2269901,ALTRES DESPESES VÀRIES.- URBANISME,4500.0,0.0,4500.0,4493.04,6.96,6.96,6.96,6.96,6.96,0.0,23250.38,4493.04,0.0,0.0,0.0,0.0
,,CM2,1512,2269901,ALTRES DESPESES VÀRIES - OBRA PUBLICA,0.0,0.0,0.0,0.0,0.0,0.0,0.0,0.0,0.0,0.0,23250.38,0.0,0.0,0.0,0.0,0.0
,,CM6,1721,2269901,ALTRES DESPESES VARIES.-MEDI AMBIENT,35000.0,0.0,35000.0,35000.0,558.4,558.4,558.4,24.2,24.2,0.0,0.0,34441.6,0.0,0.0,534.2,0.0
,,SG1,9120,2269901,ALTRES DESPESES VÀRIES.- ORG GOVERN,15000.0,0.0,15000.0,1500.0,17720.82,17720.82,17720.82,13848.82,13848.82,-4220.82,163471.07,1500.0,0.0,0.0,3872.0,0.0
,,SG1,9202,2269901,ALTRES DESPESES VARIES.-SECRETARIA,4800.0,0.0,4800.0,0.0,312.0,312.0,312.0,312.0,312.0,4488.0,163471.07,0.0,0.0,0.0,0.0,0.0
,,SG1,9203,2269901,ALTRES DESPESES VARIES.- CONTRACTACIÓ,2000.0,0.0,2000.0,0.0,0.0,0.0,0.0,0.0,0.0,2000.0,163471.07,0.0,0.0,0.0,0.0,0.0
,,SG1,9205,2269901,ALTRES DESPESES VARIES.-RRHH,12405.0,0.0,12405.0,0.0,0.0,0.0,0.0,0.0,0.0,12405.0,163471.07,0.0,0.0,0.0,0.0,0.0
,,SG1,9250,2269901,ALTRES DESPESES VARIES.-OAC,1000.0,0.0,1000.0,0.0,8.5,8.5,8.5,8.5,8.5,991.5,163471.07,0.0,0.0,0.0,0.0,0.0
,,SG1,9260,2269901,ALTRES DESPESES VÀRIES.- COMUNICACIÓ,25000.0,0.0,25000.0,0.0,4919.59,4919.59,4919.59,4919.59,4919.59,20080.41,163471.07,0.0,0.0,0.0,0.0,0.0
,,SG4,9206,2269901,ALTRES DESPESES VARIES.- INFORMATICA,5000.0,0.0,5000.0,4854.46,699.33,699.33,699.33,699.33,699.33,0.0,3.17,4300.67,0.0,0.0,0.0,0.0
,,SG4,9311,2269901,ALTRES DESPESES VARIES.-GESTIÓ  PRES.,1000.0,0.0,1000.0,961.0,39.0,39.0,39.0,39.0,39.0,0.0,3.17,961.0,0.0,0.0,0.0,0.0
,,SG4,9340,2269901,ALTRES DESPESES VARIES.- G. FINANCERA,5000.0,0.0,5000.0,5000.0,0.0,0.0,0.0,0.0,0.0,0.0,3.17,5000.0,0.0,0.0,0.0,0.0
,,SG5,1300,2269901,ALTRES DESPESES VÀRIES.- POLICIA,20000.0,0.0,20000.0,1000.0,4321.9,4321.9,4321.9,4321.9,4321.9,14678.1,168879.18,1000.0,0.0,0.0,0.0,0.0
,,SG8,2410,2269901,ALTRES DESPESES VARIES.-FOR. OCUPACIO CURSOS,100000.0,-9039.16,90960.84,32379.69,10107.41,10107.41,10107.41,10107.41,7097.06,49748.32,46571.01,31105.11,0.0,0.0,0.0,0.0
,,SG8,4310,2269901,ALTRES DESPESES VÀRIES - COMERÇ,25000.0,0.0,25000.0,0.0,4704.92,4704.92,4704.92,4704.92,2537.68,20295.08,133774.07,0.0,0.0,0.0,0.0,0.0
,,SG8,4312,2269901,ALTRES DESPESES VARIES.- PEIXATERIA,20000.0,0.0,20000.0,1000.0,1190.43,1190.43,1190.43,1053.02,1053.02,17809.57,133774.07,1000.0,0.0,0.0,137.41,0.0
,,SG8,4320,2269901,ALTRES DESPESES VÀRIES -TURISME,33000.0,0.0,33000.0,0.0,5720.21,5720.21,5720.21,5720.21,5280.0,27279.79,133774.07,0.0,0.0,0.0,0.0,0.0
,,SP1,1522,2269901,ALTRES DESPESES.- HABITATGE,15000.0,0.0,15000.0,15000.0,889.21,889.21,889.21,889.21,400.14,0.0,0.0,14110.79,0.0,0.0,0.0,0.0
,,SP1,1640,2269901,ALTRES DESPESES VÀRIES.- SANITAT,1600.0,0.0,1600.0,1600.0,100.07,100.07,100.07,0.0,0.0,0.0,0.0,1499.93,0.0,0.0,100.07,0.0
,,SP1,2310,2269901,ALTRES DESPESES VÀRIES.- ATENCIO PRIMÀRIA,50000.0,0.0,50000.0,49882.39,11323.91,8923.91,8923.91,3210.16,2701.3,0.0,0.0,38676.09,2400.0,0.0,5713.75,0.0
,,SP1,2311,2269901,ALTRES DESPESES VÀRIES.- R.G.A.,3000.0,0.0,3000.0,3000.0,2508.2,508.2,508.2,508.2,508.2,0.0,0.0,491.8,2000.0,0.0,0.0,0.0
,,SP1,3230,2269901,ALTRES DESPESES VARIES.-EDUCACIO,63500.0,25000.0,88500.0,43510.0,29120.17,29120.17,29120.17,28005.48,28005.48,44754.27,752.82,14625.56,0.0,0.0,1114.69,0.0
,,SP1,3231,2269901,ALTRES DESPESES VÀRIES - EDUCACIÓ 0-3,90000.0,0.0,90000.0,90000.0,8136.11,8136.11,8136.11,8040.82,8040.82,-148.14,752.82,82012.03,0.0,0.0,95.29,0.0
,,SP1,3260,2269901,ALTRES DESPESES VARIES.-ESC. MUNICIP.,8500.0,0.0,8500.0,8500.0,3110.85,2710.85,2710.85,2710.85,2710.85,0.0,752.82,5389.15,400.0,0.0,0.0,0.0
,,SP3,3322,2269901,ALTRES DESPESES VARIES.-ARXIU,20000.0,0.0,20000.0,20000.0,2464.41,2464.41,2464.41,153.67,0.0,0.0,22.39,17535.59,0.0,0.0,2310.74,0.0
,,SP3,3344,2269901,ALTRES DESPESES VARIES.-PROMO. CULT.,50000.0,0.0,50000.0,50000.0,8285.51,5285.51,5285.51,5129.01,3480.4,0.0,22.39,41714.49,3000.0,0.0,156.5,0.0
,,SP3,3346,2269901,ALTRES DESPESES VÀRIES.- POLITICA LINGÜISTICA,10000.0,0.0,10000.0,0.0,0.0,0.0,0.0,0.0,0.0,10000.0,22.39,0.0,0.0,0.0,0.0,0.0
,,SP3,3370,2269901,ALTRES DESPESES VARIES.-OCI I TEMPS LLIURE,30000.0,0.0,30000.0,30000.0,5240.93,5240.93,5240.93,5240.93,5162.91,-122.21,22.39,24881.28,0.0,0.0,0.0,0.0
,,SP3,3380,2269901,FESTES POPULARS.-FESTES,221000.0,0.0,221000.0,220943.75,56190.38,55690.38,39966.43,39966.43,35750.11,-1324.08,22.39,166133.7,500.0,15723.95,0.0,0.0
,,SP3,3400,2269901,ALTRES DESPESES VÀRIES.- ESPORTS,15000.0,0.0,15000.0,14982.45,4689.3,4389.3,4389.3,4389.3,4215.42,-457.38,22.39,10768.08,300.0,0.0,0.0,0.0
,,SG5,1300,2269902,DESPESES PROTECCIO CIVIL POLICIA,10000.0,0.0,10000.0,0.0,400.26,400.26,400.26,400.26,400.26,9599.74,168879.18,0.0,0.0,0.0,0.0,0.0
,,SP1,2310,2269902,ALTRES DESPESES VARIES.- MEDIACIÓ SOC.,20000.0,0.0,20000.0,20000.0,3306.17,3306.17,3306.17,1076.35,746.94,0.0,0.0,16693.83,0.0,0.0,2229.82,0.0
,,SP3,3341,2269902,ALTRES DESPESES VÀRIES.- CENTRE ART HDEZ SANZ,20000.0,0.0,20000.0,20000.0,2674.46,2674.46,2674.46,2462.71,2378.01,0.0,22.39,17325.54,0.0,0.0,211.75,0.0
,,CM1,1711,2270001,CONTR. SERVEI DE NETEJA EDIFICIS.- MICROCIUTAT,850000.0,0.0,850000.0,0.0,68134.18,68134.18,68134.18,68134.18,68134.18,781865.82,947355.08,0.0,0.0,0.0,0.0,0.0
,,SG4,9340,2270401,DESPESES CUSTODIA I MANTENIMENT C/C,20000.0,0.0,20000.0,17736.28,2914.13,2914.13,2914.13,2914.13,2914.13,-494.17,3.17,17580.04,0.0,0.0,0.0,0.0
,,CM1,1610,2270601,CONTR.SERV.ESTUD.TRAB.TEC..- AIGUA I SANEJAMENT,25000.0,4023.25,29023.25,25000.0,8046.5,4023.25,4023.25,4023.25,4023.25,0.0,947355.08,20976.75,4023.25,0.0,0.0,4023.25
,,CM1,1710,2270601,CONTR.SERV.ESTUD.TRAB.TEC.PARCS I JARDINS,385000.0,0.0,385000.0,385000.0,205314.16,205314.16,8137.86,8137.86,8137.86,0.0,947355.08,179685.84,0.0,197176.3,0.0,0.0
,,CM1,1711,2270601,CONTR.SERV.ESTUD.TREB.TEC.-  MICROCIUTAT,12000.0,0.0,12000.0,12000.0,2779.29,2779.29,2779.29,2779.29,2779.29,0.0,947355.08,9220.71,0.0,0.0,0.0,0.0
,,CM2,1511,2270601,CONTR.SERV.ESTUD.TREB.TEC.- URBANISME,90000.0,45972.77,135972.77,90000.0,45972.77,27972.78,0.0,0.0,0.0,0.0,23250.38,90000.0,17999.99,27972.78,0.0,45972.77
,,CM2,1512,2270601,CONTR.SERV.ESTUD.TREB.TEC.- OBRA PÚB.,40000.0,17213.73,57213.73,0.0,20148.71,20148.71,2934.98,1724.98,1724.98,37065.02,23250.38,0.0,0.0,17213.73,1210.0,17213.73
,,SG1,9120,2270601,CONTR.SERV.ESTUD.TRAB.TEC.- ORG. GOVERN,21000.0,0.0,21000.0,0.0,4766.19,4766.19,4766.19,4766.19,4766.19,16233.81,163471.07,0.0,0.0,0.0,0.0,0.0
,,SG1,9202,2270601,CONTR.SERV.ESTUD.TREB.TEC.- SECRETARIA,12000.0,0.0,12000.0,0.0,0.0,0.0,0.0,0.0,0.0,12000.0,163471.07,0.0,0.0,0.0,0.0,0.0
,,SG1,9205,2270601,CONTR.SERV.ESTUD.TREB.TEC.- RRHH,25000.0,0.0,25000.0,0.0,0.0,0.0,0.0,0.0,0.0,25000.0,163471.07,0.0,0.0,0.0,0.0,0.0
,,SG1,9260,2270601,CONTR.SERV.ESTUD.TREB.TEC.-COMUNICAC.,25000.0,0.0,25000.0,0.0,0.0,0.0,0.0,0.0,0.0,25000.0,163471.07,0.0,0.0,0.0,0.0,0.0
,,SG4,9206,2270601,CONTR.SERV.ESTUD.TREB.TEC.- INFORMATI.,185000.0,0.0,185000.0,170225.7,46498.79,46498.79,46498.79,46498.79,46498.79,0.0,3.17,138501.21,0.0,0.0,0.0,0.0
,,SG4,9311,2270601,CONTR.SERV.ESTUD.TRAB.TEC..- GESTIÓ PRESSUPOSTÀRIA,0.0,30250.0,30250.0,0.0,30250.0,30250.0,0.0,0.0,0.0,0.0,3.17,0.0,0.0,30250.0,0.0,30250.0
,,SG4,9340,2270601,CONTR.SERV.ESTUD.TREB.TEC.- TRESORERIA-RECAPTACIÓ,808753.0,0.0,808753.0,764708.18,97661.39,97661.39,97661.39,97661.39,95397.75,0.0,3.17,711091.61,0.0,0.0,0.0,0.0
,,SG5,1300,2270601,CONTR.SERV.ESTUD.TREB.TEC.- POLICIA,40000.0,0.0,40000.0,0.0,58839.94,58839.94,55411.29,55411.29,55411.29,-18839.94,168879.18,0.0,0.0,3428.65,0.0,0.0
,,SG8,4310,2270601,CONTR.SERV.ESTUD.TREB.TEC.- COMERÇ,55000.0,0.0,55000.0,0.0,0.0,0.0,0.0,0.0,0.0,55000.0,133774.07,0.0,0.0,0.0,0.0,0.0
,,SG8,4312,2270601,CONTR.SERV.ESTUD.TRAB.TEC.- ASSENTADORS  MERCATS,18000.0,0.0,18000.0,0.0,1898.2,1898.2,1898.2,0.0,0.0,16101.8,133774.07,0.0,0.0,0.0,1898.2,0.0
,,SG8,4320,2270601,CONTR.SERV.ESTUD.TREB.TEC.- TURISME,18000.0,0.0,18000.0,0.0,0.0,0.0,0.0,0.0,0.0,18000.0,133774.07,0.0,0.0,0.0,0.0,0.0
,,SP1,2310,2270601,CONTR.SERV.ESTUD.TRAB.TEC.- ATENCIÓ PRIMÀRIA,35600.0,0.0,35600.0,35600.0,0.0,0.0,0.0,0.0,0.0,0.0,0.0,35600.0,0.0,0.0,0.0,0.0
,,SP3,3322,2270601,CONTR.SERV.ESTUD.TREB.TEC.- ARXIU,6600.0,0.0,6600.0,6600.0,0.0,0.0,0.0,0.0,0.0,0.0,22.39,6600.0,0.0,0.0,0.0,0.0
,,SP3,3341,2270601,CENTRE HDEZ SANZ -.- RESTAURACIÓ BÉNS,0.0,0.0,0.0,0.0,0.0,0.0,0.0,0.0,0.0,0.0,0.0,0.0,0.0,0.0,0.0,0.0
,,SP3,3400,2270601,CONTR.SERV.ESTUD.TREB.TEC.- ESPORTS,0.0,2722.5,2722.5,0.0,2722.5,2722.5,0.0,0.0,0.0,0.0,22.39,0.0,0.0,2722.5,0.0,2722.5
,,SG1,9205,2270602,CONTR.SERV. - RRHH.,1000.0,0.0,1000.0,0.0,0.0,0.0,0.0,0.0,0.0,1000.0,163471.07,0.0,0.0,0.0,0.0,0.0
,,SG5,1300,2270602,CONTR.SERV.GRUA- POLICIA,25000.0,0.0,25000.0,18750.0,7533.46,7533.46,7533.46,5985.87,5985.87,-1283.46,168879.18,18750.0,0.0,0.0,1547.59,0.0
,,SG5,1300,2270603,CONTRACT. SERVEIS.- CÀMERES DE VIGILÀNCIA,0.0,54725.55,54725.55,0.0,54725.55,54725.55,0.0,0.0,0.0,0.0,0.0,0.0,0.0,54725.55,0.0,54725.55
,,CM1,1610,2279901,CONTR.SERV.CONCESSIONS.-AIGUA I SANEJ.,1865000.0,0.0,1865000.0,0.0,0.0,0.0,0.0,0.0,0.0,1865000.0,1865000.0,0.0,0.0,0.0,0.0,0.0
,,CM1,1621,2279901,ALTRES TREBALLS PER ALTRES.- RSU,2620000.0,0.0,2620000.0,2620000.0,437916.28,437916.28,437916.28,437916.28,437916.28,-215535.57,947355.08,2397619.29,0.0,0.0,0.0,0.0
,,CM1,1700,2279901,ALTRES TREBALLS .- RECURSOS I SOSTENIBILITAT,65000.0,0.0,65000.0,65000.0,12897.41,12897.41,3761.9,3610.65,0.0,0.0,947355.08,52102.59,0.0,9135.51,151.25,0.0
,,CM2,1511,2279901,CONTRACTACIO SERVEIS URBANISME,18000.0,0.0,18000.0,16123.77,14376.23,14376.23,1876.23,1876.23,1876.23,0.0,23250.38,3623.77,0.0,12500.0,0.0,0.0
,,CM6,1721,2279901,CONTR.SERV. ALTRES.- MEDI AMBIENT,150000.0,12486.25,162486.25,150000.0,113965.8,18965.8,2541.0,1270.5,1270.5,0.0,0.0,48520.45,95000.0,16424.8,1270.5,12486.25
,,SG5,1300,2279901,CONTR.SERV.CONCESSIONS.-POLICIA,450000.0,0.0,450000.0,0.0,0.0,0.0,0.0,0.0,0.0,450000.0,450000.0,0.0,0.0,0.0,0.0,0.0
,,SP1,1522,2279901,CONTRACT SERVEIS.- HABITATGE,6000.0,0.0,6000.0,6000.0,0.0,0.0,0.0,0.0,0.0,0.0,0.0,6000.0,0.0,0.0,0.0,0.0
,,SP1,1640,2279901,CONTR.SERV. CONCESSIONS.-CEMENTERIS,300000.0,0.0,300000.0,0.0,0.0,0.0,0.0,0.0,0.0,300000.0,243289.56,0.0,0.0,0.0,0.0,0.0
,,SP1,2310,2279901,CONTRACT. SERV. ALTRES.- ATENCIÓ PRIMÀRIA,250000.0,0.0,250000.0,250000.0,237233.32,37233.32,37233.32,37233.32,36936.92,-19753.58,0.0,32520.26,200000.0,0.0,0.0,0.0
,,SP1,2311,2279901,CONTRACT. ALTRES.- R.G.A,70000.0,0.0,70000.0,64242.23,3897.66,3897.66,3897.66,3804.16,3804.16,5757.77,0.0,60344.57,0.0,0.0,93.5,0.0
,,SP1,3230,2279901,CONTRA.SERVEIS-EDUCACIÓ,0.0,0.0,0.0,0.0,17990.0,17990.0,0.0,0.0,0.0,-17990.0,752.82,0.0,0.0,17990.0,0.0,0.0
,,SP3,3341,2279901,CONTR.SERV.SERV.EST.TREB.TEC-ARCH/PAT OLIVER,25000.0,9034.45,34034.45,31677.37,12815.95,12815.95,10458.87,10458.87,10458.87,-2684.62,22.39,23903.12,0.0,2357.08,0.0,2357.08
,,SP3,3370,2279901,CONTR.SERV.ALTRES.-JUVENTUT CONCERTS,2000.0,0.0,2000.0,2000.0,0.0,0.0,0.0,0.0,0.0,0.0,22.39,2000.0,0.0,0.0,0.0,0.0
,,CM1,1621,2279902,CONTR.SERV. ALTRES.- RSU,85000.0,0.0,85000.0,85000.0,15062.31,15062.31,15062.31,15062.31,15062.31,0.0,947355.08,69937.69,0.0,0.0,0.0,0.0
,,CM2,1511,2279902,CONTR.SERV. ALTRES.- EXECUCIONS SUBSIDIÀRIES,60000.0,0.0,60000.0,0.0,0.0,0.0,0.0,0.0,0.0,60000.0,60000.0,0.0,0.0,0.0,0.0,0.0
,,SP1,1640,2279902,CONTR.SERV. CONCES.-CEMENT.- RET. CON,226025.0,0.0,226025.0,0.0,0.0,0.0,0.0,0.0,0.0,226025.0,226025.0,0.0,0.0,0.0,0.0,0.0
,,SP1,2310,2279902,CONTR.SERV. ALTRES.- MEDIACIÒ SOCIAL,100000.0,0.0,100000.0,100000.0,0.0,0.0,0.0,0.0,0.0,0.0,0.0,100000.0,0.0,0.0,0.0,0.0
,,SP3,3341,2279902,SERV SEGURETAT .- CENTRE ART HDEZ  SANZ,55000.0,0.0,55000.0,55000.0,11393.51,11393.51,11393.51,11393.51,11393.51,0.0,22.39,43606.49,0.0,0.0,0.0,0.0
,,SG1,9120,2300001,DIETES CARRECS ELECTES.-ORG. GOVERN,2500.0,0.0,2500.0,0.0,0.0,0.0,0.0,0.0,0.0,2500.0,163471.07,0.0,0.0,0.0,0.0,0.0
,,SG1,9205,2302001,DIETES PERSONAL.-RECURSOS HUMANS,2000.0,0.0,2000.0,0.0,452.0,452.0,452.0,452.0,452.0,1548.0,163471.07,0.0,0.0,0.0,0.0,0.0
,,SG1,9120,2310001,LOCOMOCIO.-ORG. GOVERN,3000.0,0.0,3000.0,0.0,0.0,0.0,0.0,0.0,0.0,3000.0,163471.07,0.0,0.0,0.0,0.0,0.0
,,SG1,9205,2310001,LOCOMOCIO,3000.0,0.0,3000.0,494.02,586.42,586.42,586.42,586.42,586.42,2412.58,163471.07,1.0,0.0,0.0,0.0,0.0
,,SG4,0110,3101101,INTERESSOS.  LC - OPERACIÓ DE TRESORERIA,10000.0,0.0,10000.0,0.0,0.0,0.0,0.0,0.0,0.0,10000.0,118851.18,0.0,0.0,0.0,0.0,0.0
,,SG4,0110,3101801,PRESTEC INVERSIONS 2002,0.0,0.0,0.0,0.0,0.0,0.0,0.0,0.0,0.0,0.0,0.0,0.0,0.0,0.0,0.0,0.0
,,SG4,0110,3101901,INT. PREST 2003  LC -  INVERS - Nº 30584029822,5256.0,0.0,5256.0,0.0,1597.18,1597.18,1597.18,1597.18,1597.18,3658.82,118851.18,0.0,0.0,0.0,0.0,0.0
,,SG4,0110,3102001,INT.  PREST 2004  BBVA INVERSIONS 974 04357000,31193.0,0.0,31193.0,0.0,10483.01,10483.01,10483.01,10483.01,10483.01,20709.99,118851.18,0.0,0.0,0.0,0.0,0.0
,,SG4,0110,3102101,INT.  PREST 2005 BBVA INVERSIONS 974 05137023,19991.0,0.0,19991.0,0.0,5765.33,5765.33,5765.33,5765.33,5765.33,14225.67,118851.18,0.0,0.0,0.0,0.0,0.0
,,SG4,0110,3102201,INT. PREST2006 BBVA 974-06183571,43101.0,0.0,43101.0,0.0,11440.39,11440.39,11440.39,11440.39,11440.39,31660.61,118851.18,0.0,0.0,0.0,0.0,0.0
,,SG4,0110,3102501,INTERESSOS  PRESTEC INVERSIONS 2007 - LC,170.0,0.0,170.0,0.0,0.0,0.0,0.0,0.0,0.0,170.0,118851.18,0.0,0.0,0.0,0.0,0.0
,,SG4,0110,3102502,INTERESSOS  PRESTEC INVERSIONS 2007 - BBVA,1009.0,0.0,1009.0,0.0,0.0,0.0,0.0,0.0,0.0,1009.0,118851.18,0.0,0.0,0.0,0.0,0.0
,,SG4,0110,3102601,INTERESSOS PRESTEC 2008,0.0,0.0,0.0,0.0,0.0,0.0,0.0,0.0,0.0,0.0,0.0,0.0,0.0,0.0,0.0,0.0
,,SG4,0110,3102701,INT. PREST 2009 BBVA,62166.0,0.0,62166.0,0.0,16838.06,16838.06,16838.06,16838.06,16838.06,45327.94,118851.18,0.0,0.0,0.0,0.0,0.0
,,SG4,0110,3102801,INT. PREST 2010 CAJA MADRID,6007.0,0.0,6007.0,0.0,1380.61,1380.61,1380.61,1380.61,1380.61,4626.39,118851.18,0.0,0.0,0.0,0.0,0.0
,,SG4,0110,3103101,INTERESSOS PRESTEC 2014,25000.0,0.0,25000.0,0.0,0.0,0.0,0.0,0.0,0.0,25000.0,118851.18,0.0,0.0,0.0,0.0,0.0
,,SG4,0110,3103301,INT. AVAL DAVANT LA CAIB,3000.0,0.0,3000.0,0.0,0.0,0.0,0.0,0.0,0.0,3000.0,118851.18,0.0,0.0,0.0,0.0,0.0
,,SG4,9340,3520001,INTERESSOS DEMORA RETARD PAGAMENTS,100000.0,0.0,100000.0,0.0,0.0,0.0,0.0,0.0,0.0,100000.0,100000.0,0.0,0.0,0.0,0.0,0.0
,,SG8,2410,4500001,DEVOLUCIÓN IMPORTES SOIB A LA CAIB,0.0,0.0,0.0,0.0,0.0,0.0,0.0,0.0,0.0,0.0,0.0,0.0,0.0,0.0,0.0,0.0
,,SG1,9205,4610111,TRANSF. AL CIMe- CONVENI SERVEI DE PREVENCIÓ,32000.0,0.0,32000.0,0.0,0.0,0.0,0.0,0.0,0.0,32000.0,95676.1,0.0,0.0,0.0,0.0,0.0
,,SG5,1300,4610111,TRANSF. AL CIMe.- POLICIA.- SERV. EXTINCIÓ INCENDIS,385000.0,0.0,385000.0,0.0,320912.09,320912.09,320912.09,320912.09,0.0,64087.91,70087.91,0.0,0.0,0.0,0.0,0.0
,,SP1,2311,4610111,TRANSF. AL CIMe.- RGA - ACTIVITAT PERSONES MAJORS,7300.0,0.0,7300.0,7300.0,7300.0,7300.0,0.0,0.0,0.0,0.0,13.1,0.0,0.0,7300.0,0.0,0.0
,,SP1,3110,4610111,TRANSF. AL CIMe.- CONVENI ALBERG ANIMALS,17500.0,0.0,17500.0,0.0,17971.3,17971.3,17971.3,17971.3,0.0,-471.3,6028.7,0.0,0.0,0.0,0.0,0.0
,,SP1,3230,4610111,TRANSF. AL CIMe.- EDUCACIÓ (PERSONES ADULTES),14700.0,0.0,14700.0,0.0,14700.0,14700.0,0.0,0.0,0.0,0.0,6028.7,0.0,0.0,14700.0,0.0,0.0
,,SP3,3400,4610111,TRANSF. AL CIMe.- ISLAND GAMES,1500.0,12600.0,14100.0,1500.0,12600.0,12600.0,0.0,0.0,0.0,0.0,152050.0,1500.0,0.0,12600.0,0.0,12600.0
,,SP1,3230,4610112,TRANSF. AL CIMe -CONVENIO CIM AT. EDUCATIVA INFANTIL,43400.0,1575.82,44975.82,0.0,44975.82,44975.82,0.0,0.0,0.0,0.0,6028.7,0.0,0.0,44975.82,0.0,1575.82
,,SP1,3230,4610211,TRANSF. AL CIMe - UNIV. OBERTA MAJORS,3400.0,0.0,3400.0,0.0,3400.0,3400.0,0.0,0.0,0.0,0.0,6028.7,0.0,0.0,3400.0,0.0,0.0
,,SP3,3344,4610211,CIMe - CAMPANYA MONUMENTS ARQUEOLÒGICS,8000.0,0.0,8000.0,0.0,0.0,0.0,0.0,0.0,0.0,8000.0,152050.0,0.0,0.0,0.0,0.0,0.0
,,CM6,1721,4610311,CIMe.- CONVENI PLATGES 2010-2017,100000.0,0.0,100000.0,100000.0,84269.4,84269.4,84269.4,84269.4,0.0,0.0,0.0,15730.6,0.0,0.0,0.0,0.0
,,SP1,3230,4610311,IME - ORGANITZACIÓ UIMIR,35000.0,0.0,35000.0,0.0,35000.0,35000.0,0.0,0.0,0.0,0.0,6028.7,0.0,0.0,35000.0,0.0,0.0
,,CM1,1532,4610411,CIMe.- CAMINS RURALS,28115.0,4685.8,32800.8,28115.0,17834.84,17834.84,13149.04,13149.04,0.0,0.0,0.0,14965.96,0.0,4685.8,0.0,4685.8
,,SG5,1300,4620111,TRANSF. A AJUNTAMENTS.- COL.LABORACIÓ POLICIES LOCALS,6000.0,0.0,6000.0,0.0,0.0,0.0,0.0,0.0,0.0,6000.0,70087.91,0.0,0.0,0.0,0.0,0.0
,,SG1,9120,4670001,TRANSF. A CONSORCIS.- MILITAR LA MOLA,15000.0,0.0,15000.0,0.0,0.0,0.0,0.0,0.0,0.0,15000.0,95676.1,0.0,0.0,0.0,0.0,0.0
,,CM1,1621,4670111,TRANSF. A CONSORCI R.S.U.- TRACTAMENT RESIDUS,470500.0,0.0,470500.0,470500.0,27299.76,27299.76,27299.76,27299.76,27299.76,0.0,1348.94,443200.24,0.0,0.0,0.0,0.0
,,SP3,3400,4670111,TRANSF. A CONSORCI PAVELLÓ BINTAUFA,61800.0,0.0,61800.0,61800.0,0.0,0.0,0.0,0.0,0.0,0.0,152050.0,61800.0,0.0,0.0,0.0,0.0
,,CM1,1621,4670211,TRANSF. A CONSORCIS.- CRSU - DEIXALLERIES MAÓ,225000.0,0.0,225000.0,225000.0,7374.29,7374.29,7374.29,7374.29,7374.29,0.0,1348.94,217625.71,0.0,0.0,0.0,0.0
,,CM2,1511,4670211,TRANSF. A CONSORCIS.- PENYASSEGAT PORT DE MAO,7000.0,0.0,7000.0,0.0,5651.06,5651.06,5651.06,5651.06,5651.06,1348.94,1348.94,0.0,0.0,0.0,0.0,0.0
,,SP3,3344,4670211,CONSORCI MUSEU MILITAR DE MENORCA,15000.0,0.0,15000.0,0.0,0.0,0.0,0.0,0.0,0.0,15000.0,152050.0,0.0,0.0,0.0,0.0,0.0
,,SP1,2310,4800111,AJUTS ECONÒMICS INDIVIDUALS D'EMERGÈNCIA,323000.0,32071.5,355071.5,354871.5,53290.95,53290.95,53290.95,41953.98,31558.35,13.1,13.1,301767.45,0.0,0.0,11336.97,32071.5
,,SP1,3230,4800111,TRANSF. A ALTRES ENS.- UNED,3000.0,0.0,3000.0,0.0,3000.0,3000.0,0.0,0.0,0.0,0.0,6028.7,0.0,0.0,3000.0,0.0,0.0
,,CM6,1721,4800114,SUBV. NOMINATIVES- MEDI AMBIENT,8000.0,7000.0,15000.0,8000.0,7000.0,7000.0,0.0,0.0,0.0,0.0,0.0,8000.0,0.0,7000.0,0.0,7000.0
,,SG1,9120,4800114,SUBV. NOMINATIVES- PARTICIPACIÓ CIUTADANA,29900.0,20800.0,50700.0,0.0,20800.0,20800.0,0.0,0.0,0.0,29900.0,95676.1,0.0,0.0,20800.0,0.0,20800.0
,,SG8,4310,4800114,SUBV. NOMINATIVES,10000.0,0.0,10000.0,0.0,10000.0,10000.0,0.0,0.0,0.0,0.0,0.0,0.0,0.0,10000.0,0.0,0.0
,,SP1,2310,4800114,TRANSF. NOMINATIVES A ENTITATS.- ACCIONS SOCIALS,136300.0,2100.0,138400.0,0.0,2100.0,2100.0,0.0,0.0,0.0,136300.0,13.1,0.0,0.0,2100.0,0.0,2100.0
,,SP1,3230,4800114,SUBV. NOMINATIVES- EDUCACIÓ,31500.0,-25000.0,6500.0,0.0,0.0,0.0,0.0,0.0,0.0,6500.0,6028.7,0.0,0.0,0.0,0.0,0.0
,,SP3,3344,4800114,SUBV. NOMINATIVES- CULTURA,110400.0,0.0,110400.0,0.0,57000.0,57000.0,0.0,0.0,0.0,53400.0,152050.0,0.0,0.0,57000.0,0.0,0.0
,,SP3,3400,4800114,SUBV. NOMINATIVES- ESPORTS,107150.0,15750.0,122900.0,0.0,27750.0,27750.0,0.0,0.0,0.0,95150.0,152050.0,0.0,0.0,27750.0,0.0,15750.0
,,SG8,4310,4800214,SUBV. EXCEPCIONALS.- PROMOCIÓ ECONOMICA,0.0,2000.0,2000.0,0.0,2000.0,2000.0,0.0,0.0,0.0,0.0,0.0,0.0,0.0,2000.0,0.0,2000.0
,,SP3,3344,4800311,PREMIS DE CONCURS - CULTURA,6000.0,0.0,6000.0,6000.0,2200.0,0.0,0.0,0.0,0.0,0.0,152050.0,3800.0,2200.0,0.0,0.0,0.0
,,SP1,2310,4800401,TRANSF. A FUND. DISCAPACITATS- ATENCIÓ PRIMÀRIA,22000.0,0.0,22000.0,0.0,22000.0,22000.0,0.0,0.0,0.0,0.0,13.1,0.0,0.0,22000.0,0.0,0.0
,,SP1,3231,4800401,CONVENI COOP. ESCOLES INFANTILS,1260000.0,0.0,1260000.0,0.0,1260000.0,1260000.0,281250.0,281250.0,187500.0,0.0,6028.7,0.0,0.0,978750.0,0.0,0.0
,,SP3,3344,4800401,TRANSF. FUND. AMIGOS DE LA OPERA,20000.0,0.0,20000.0,0.0,20000.0,20000.0,0.0,0.0,0.0,0.0,152050.0,0.0,0.0,20000.0,0.0,0.0
,,SP3,3344,4800402,FUND. TEATRO PRAL- PROM. CULTURAL,367000.0,0.0,367000.0,0.0,367000.0,367000.0,91749.99,91749.99,61166.66,0.0,152050.0,0.0,0.0,275250.01,0.0,0.0
,,SP3,3344,4820001,SUBV. EXCEPCIONALS.- CULTURA,0.0,0.0,0.0,0.0,0.0,0.0,0.0,0.0,0.0,0.0,152050.0,0.0,0.0,0.0,0.0,0.0
,,SG1,9120,4890111,TRANSFERÈNCIES A GRUPS MUNICIPALS,55000.0,0.0,55000.0,0.0,12734.34,12734.34,12734.34,12734.34,8489.56,42265.66,95676.1,0.0,0.0,0.0,0.0,0.0
,,SG4,9290,5000000,FONS DE CONTINGENCIA,350000.0,0.0,350000.0,90000.0,0.0,0.0,0.0,0.0,0.0,260000.0,260000.0,0.0,0.0,0.0,0.0,0.0
,,CM1,1610,6090117,IFS 2017 CIMe - OBRA SANEJAMENT A CALA LLONGA,0.0,1643530.0,1643530.0,0.0,1643530.0,0.0,0.0,0.0,0.0,0.0,0.0,0.0,1643530.0,0.0,0.0,0.0
,,CM1,1610,6110002,PLANTA DESNITRIFICADORA,624916.0,0.0,624916.0,0.0,624916.0,0.0,0.0,0.0,0.0,0.0,33989.38,0.0,624916.0,0.0,0.0,0.0
,,SG8,4320,6120111,MILLORES CENTRE HISTÒRIC,12000.0,9500.0,21500.0,0.0,31000.0,19000.0,9500.0,9500.0,0.0,-9500.0,17700.0,0.0,12000.0,9500.0,0.0,9500.0
,,SG8,4310,6120211,INVERSIONS COMERÇ LOCAL,17200.0,0.0,17200.0,0.0,0.0,0.0,0.0,0.0,0.0,17200.0,17700.0,0.0,0.0,0.0,0.0,0.0
,,CM1,1711,6190112,ASFALTATS,100000.0,60412.01,160412.01,88550.0,75920.6,15508.59,15508.59,15508.59,15508.59,11450.0,33989.38,73041.41,60412.01,0.0,0.0,60412.01
,,CM1,1711,6190211,MILLORES CIUTAT MICROACCIONS,150000.0,0.0,150000.0,150000.0,67123.16,57123.16,40639.92,40639.92,40639.92,0.0,33989.38,82876.84,10000.0,16483.24,0.0,0.0
,,CM2,1511,6190211,REFORMES  CARRERS,1300000.0,354751.65,1654751.65,0.0,1414516.14,355377.73,3070.98,3070.98,3070.98,240235.51,184161.9,0.0,1059138.41,352306.75,0.0,404751.65
,,CM6,1721,6190212,INVERSIONS-MEDI AMBIENT,60000.0,0.0,60000.0,60000.0,59412.97,59412.97,0.0,0.0,0.0,0.0,0.0,587.03,0.0,59412.97,0.0,0.0
,,CM1,1711,6190213,OBRES NOVES A LA XARXA ELÈCTRICA,20000.0,0.0,20000.0,20000.0,0.0,0.0,0.0,0.0,0.0,0.0,33989.38,20000.0,0.0,0.0,0.0,0.0
,,CM1,1711,6190214,XARXA DE CAMINS RURALS,75000.0,0.0,75000.0,75000.0,0.0,0.0,0.0,0.0,0.0,0.0,33989.38,75000.0,0.0,0.0,0.0,0.0
,,CM1,1610,6190217,IFS 2017 - FONT AIGUA  EDIFICI CALABRIA,0.0,59279.58,59279.58,0.0,59279.58,0.0,0.0,0.0,0.0,0.0,33989.38,0.0,59279.58,0.0,0.0,59279.58
,,CM2,1511,6190217,IFS 2017,0.0,60492.34,60492.34,0.0,60492.34,0.0,0.0,0.0,0.0,0.0,0.0,0.0,60492.34,0.0,0.0,60492.34
,,CM1,1711,6190311,PARCS INFANTILS,60000.0,0.0,60000.0,60000.0,4579.85,4579.85,4579.85,4579.85,4579.85,0.0,33989.38,55420.15,0.0,0.0,0.0,0.0
,,CM2,1511,6190311,INVERSIO EN VIES PUBLIQUES POIMA,60000.0,58421.38,118421.38,0.0,58421.38,0.0,0.0,0.0,0.0,60000.0,184161.9,0.0,58421.38,0.0,0.0,58421.38
,,SG5,1300,6190311,MOBILITAT,25000.0,0.0,25000.0,0.0,4652.12,4652.12,0.0,0.0,0.0,20347.88,82368.87,0.0,0.0,4652.12,0.0,0.0
,,CM2,1511,6190313,DESENVOLUPAMENT URBA SOSTENIBLE,20000.0,0.0,20000.0,20000.0,0.0,0.0,0.0,0.0,0.0,0.0,184161.9,20000.0,0.0,0.0,0.0,0.0
,,CM2,1511,6190317,IFS 2017- TANCAMENT ZONA VERDA SA PUNTA,0.0,52000.0,52000.0,0.0,52000.0,0.0,0.0,0.0,0.0,0.0,184161.9,0.0,52000.0,0.0,0.0,52000.0
,,CM1,1711,6190411,INVERSIO EN CLIMATITZACIÓ,20000.0,6500.88,26500.88,0.0,6500.88,1500.88,0.0,0.0,0.0,20000.0,33989.38,0.0,5000.0,1500.88,0.0,6500.88
,,CM2,1511,6190414,REPARACIONS URGENTS PENYA-.SEGAT PORT MAÓ,0.0,0.0,0.0,0.0,0.0,0.0,0.0,0.0,0.0,0.0,184161.9,0.0,0.0,0.0,0.0,0.0
,,CM2,1511,6190417,IFS 2017 - CONSOLIDACIÓ PENYA-SEGAT UA2 ZONA 5 BIS,0.0,759469.0,759469.0,0.0,759469.0,0.0,0.0,0.0,0.0,0.0,184161.9,0.0,759469.0,0.0,0.0,759469.0
,,CM1,1522,6220111,INVERSIONS.-  REHABILITACIÓ SANT ROC,0.0,0.0,0.0,0.0,0.0,0.0,0.0,0.0,0.0,0.0,33989.38,0.0,0.0,0.0,0.0,0.0
,,CM1,1711,6220111,iNVERSIONS EN EDIFICIS.- OBRA PÚBLICA,50000.0,136046.46,186046.46,50000.0,87427.11,73480.65,1380.65,1380.65,1380.65,48619.35,33989.38,50000.0,13946.46,72100.0,0.0,86046.46
,,SP1,2311,6220111,INVERSIONS - RGA,0.0,58921.14,58921.14,58921.14,0.0,0.0,0.0,0.0,0.0,0.0,0.0,58921.14,0.0,0.0,0.0,58921.14
,,SP3,3400,6220111,INSTAL.LACIONS ESPORTIVES,70000.0,-12135.77,57864.23,38006.87,20124.05,20124.05,345.6,345.6,0.0,11993.13,1496.39,25747.05,0.0,19778.45,0.0,7864.23
,,CM1,1711,6220112,REDACCIÓ PROJECTES OBRA PÚBLICA,51000.0,0.0,51000.0,0.0,0.0,0.0,0.0,0.0,0.0,51000.0,33989.38,0.0,0.0,0.0,0.0,0.0
,,SG8,4312,6220115,INVERSIONS PEIXATERIA,10000.0,16891.14,26891.14,0.0,16891.14,16891.14,0.0,0.0,0.0,10000.0,17700.0,0.0,0.0,16891.14,0.0,16891.14
,,SP1,2311,6220117,IFS 2017 - IMPERMEABILITZACIÓ COBERTES RGA,0.0,11367.15,11367.15,0.0,11367.15,0.0,0.0,0.0,0.0,0.0,0.0,0.0,11367.15,0.0,0.0,11367.15
,,SP3,3344,6220117,IFS 2017 - REHABILIT. EDIFICIS.- CULTURA,0.0,8062.96,8062.96,0.0,8062.96,8062.96,0.0,0.0,0.0,0.0,1496.39,0.0,0.0,8062.96,0.0,8062.96
,,SP3,3400,6220117,IFS 2017 - INSTAL.LACIONS ESPORTIVES,0.0,618445.51,618445.51,0.0,618445.51,4798.86,0.0,0.0,0.0,0.0,1496.39,0.0,613646.65,4798.86,0.0,618445.51
,,SP1,3260,6220215,INVERSIONS EDIFICI CLAUSTRE,0.0,150214.51,150214.51,0.0,150214.51,135193.06,0.0,0.0,0.0,0.0,0.0,0.0,15021.45,135193.06,0.0,150214.51
,,SP1,2310,6220217,IFS 2017 - REHABILIT. CASA SES MONGES PER AREA ATENC. PRIMAR,0.0,458341.03,458341.03,0.0,458341.03,0.0,0.0,0.0,0.0,0.0,0.0,0.0,458341.03,0.0,0.0,458341.03
,,SP3,3400,6220217,IFS CIME- OBRES INSTAL.LACIONS ESPORTIVES,0.0,355000.0,355000.0,0.0,208304.27,0.0,0.0,0.0,0.0,146695.73,21825.79,0.0,208304.27,0.0,0.0,0.0
,,CM1,1650,6220311,PLA ESTALVI ENERGÈTIC MUNICIPAL,10000.0,0.0,10000.0,0.0,1064.8,1064.8,1064.8,1064.8,1064.8,8935.2,33989.38,0.0,0.0,0.0,0.0,0.0
,,CM1,1650,6220312,PLAQUES SOLARS FOTOVOLTAIQUES,50000.0,92674.36,142674.36,0.0,92674.36,0.0,0.0,0.0,0.0,50000.0,22896.0,0.0,92674.36,0.0,0.0,92674.36
,,SG4,9311,6230111,EQUIPAMENT GENERAL,10000.0,0.0,10000.0,0.0,5590.61,5590.61,4491.95,4491.95,2666.36,4409.39,16513.1,0.0,0.0,1098.66,0.0,0.0
,,SG5,1300,6230111,EQUIPAMENT POLICIA,90500.0,0.0,90500.0,0.0,25728.86,25728.86,535.86,535.86,535.86,64771.14,82368.87,0.0,0.0,25193.0,0.0,0.0
,,SP1,2311,6230111,EQUIPAMENT RGA,18000.0,92603.75,110603.75,45193.75,66627.51,66627.51,159.72,159.72,159.72,0.0,0.0,43976.24,0.0,66467.79,0.0,92603.75
,,SP1,3260,6230111,INSTRUMENTS I ESTRIS ESCOLA MÚSICA,5000.0,0.0,5000.0,5000.0,2164.35,2164.35,2164.35,0.0,0.0,0.0,0.0,2835.65,0.0,0.0,2164.35,0.0
,,CM1,1610,6230117,IFS 2017 - OBRES DIVERSES EN AIGUA I SANEJAMENT,0.0,303956.02,303956.02,243540.7,60415.32,0.0,0.0,0.0,0.0,0.0,33989.38,243540.7,60415.32,0.0,0.0,303956.02
,,CM1,1711,6240111,VEHICLES,0.0,0.0,0.0,0.0,11450.0,11450.0,0.0,0.0,0.0,-11450.0,33989.38,0.0,0.0,11450.0,0.0,0.0
,,SP1,2311,6240111,VEHICLES.- RGA,0.0,45000.0,45000.0,0.0,45000.0,0.0,0.0,0.0,0.0,0.0,0.0,0.0,45000.0,0.0,0.0,45000.0
,,SP3,3400,6240111,VEHICLES.- ESPORTS,0.0,11993.13,11993.13,0.0,22489.87,22489.87,10496.74,10496.74,10496.74,-10496.74,1496.39,0.0,0.0,11993.13,0.0,11993.13
,,SG4,9311,6250111,MOBILIARI,20000.0,0.0,20000.0,0.0,5814.64,5814.64,1865.82,1865.82,868.78,14185.36,16513.1,0.0,0.0,3948.82,0.0,0.0
,,SG8,2410,6250111,MOBILIARI- FORMACIÓ,0.0,32075.99,32075.99,30000.0,2075.99,2075.99,0.0,0.0,0.0,0.0,0.0,30000.0,0.0,2075.99,0.0,2075.99
,,SP1,3230,6250111,MOBILIARI ESC. INFANTILS DE MAÓ,6000.0,0.0,6000.0,6000.0,2298.92,2298.92,1728.98,1728.98,1728.98,0.0,0.0,3701.08,0.0,569.94,0.0,0.0
,,SG4,9206,6260111,EQUIPAMENT INFORMATIC,25000.0,21175.0,46175.0,25000.0,21175.0,21175.0,0.0,0.0,0.0,0.0,16513.1,25000.0,0.0,21175.0,0.0,21175.0
,,SG4,9206,6260117,"IFS 2017 - EQUIPAMENT INFORMÀTIC, LLICÈNCIES",0.0,99615.0,99615.0,0.0,99615.0,0.0,0.0,0.0,0.0,0.0,16513.1,0.0,99615.0,0.0,0.0,99615.0
,,SP1,1640,6260201,MILLORES CEMENTIRI MUNICIPAL,15000.0,0.0,15000.0,15000.0,0.0,0.0,0.0,0.0,0.0,0.0,0.0,15000.0,0.0,0.0,0.0,0.0
,,CM1,1610,6270011,INVERSIONS EN RECURSOS I SOSTENIBILITAT,100000.0,0.0,100000.0,100000.0,0.0,0.0,0.0,0.0,0.0,0.0,33989.38,100000.0,0.0,0.0,0.0,0.0
,,SP1,3230,6320111,INVERSIONS EN ESCOLES,40000.0,0.0,40000.0,40000.0,379.88,379.88,0.0,0.0,0.0,0.0,0.0,39620.12,0.0,379.88,0.0,0.0
,,SP1,3230,6320214,INVERSIONS QUARTER SANTIAGO - ESCOLA ADULTS,0.0,244132.5,244132.5,0.0,244132.5,244132.5,0.0,0.0,0.0,0.0,0.0,0.0,0.0,244132.5,0.0,244132.5
,,CM2,1511,6810215,EXPROPIACIÓ TERRENYS MIRADOR DEL CLAUSTRE DEL CARME,0.0,208637.19,208637.19,208637.19,0.0,0.0,0.0,0.0,0.0,0.0,184161.9,208637.19,0.0,0.0,0.0,208637.19
,,CM2,1511,7200001,APB - CONVENI ACCESSIBILITAT PORT,413300.0,0.0,413300.0,0.0,0.0,0.0,0.0,0.0,0.0,413300.0,413300.0,0.0,0.0,0.0,0.0,0.0
,,CM1,1610,7510001,ABAQUA - APORTACIO OBRA ABASTIMENT AIGUA LLUMEÇANES,0.0,390000.0,390000.0,390000.0,0.0,0.0,0.0,0.0,0.0,0.0,0.0,390000.0,0.0,0.0,0.0,390000.0
,,SG5,1300,7610411,CIMe.- PLA TERME.- EXTINCIÓ D'INCENDIS,20000.0,0.0,20000.0,0.0,0.0,0.0,0.0,0.0,0.0,20000.0,20000.0,0.0,0.0,0.0,0.0,0.0
,,CM1,1650,7670111,TRANSF. A C.R.S.U.- PLA EFICIÈNCIA ENERGÈTICA,5300.0,0.0,5300.0,5300.0,0.0,0.0,0.0,0.0,0.0,0.0,910.03,5300.0,0.0,0.0,0.0,0.0
,,CM2,1511,7670211,TRANSF. A CONSORCIS.- PENYASSEGAT PORT DE MAÓ,117000.0,0.0,117000.0,0.0,116089.97,116089.97,116089.97,116089.97,116089.97,910.03,910.03,0.0,0.0,0.0,0.0,0.0
,,SP3,3400,7670311,TRANSF. A CONSORCI BINTAUFA - AMORTITZACIO,237500.0,0.0,237500.0,237500.0,0.0,0.0,0.0,0.0,0.0,0.0,0.0,237500.0,0.0,0.0,0.0,0.0
,,SP3,3400,7700111,U.D. MAHÓN .- NOMINATIVA,70000.0,-70000.0,0.0,0.0,0.0,0.0,0.0,0.0,0.0,0.0,0.0,0.0,0.0,0.0,0.0,0.0
,,CM1,1610,7700116,HIDROBAL - OBRES ASSUMIDES PER L'AJUNTAMENT,147247.0,0.0,147247.0,0.0,0.0,0.0,0.0,0.0,0.0,147247.0,147247.0,0.0,0.0,0.0,0.0,0.0
,,CM2,1511,7800311,PLA MILLORA FAÇANES,160000.0,20712.39,180712.39,180712.39,0.0,0.0,0.0,0.0,0.0,0.0,910.03,180712.39,0.0,0.0,0.0,20712.39
,,CM1,1610,7810001,FILTRES VERDS.- CONVOCATÒRIA 2018,25000.0,0.0,25000.0,25000.0,0.0,0.0,0.0,0.0,0.0,0.0,0.0,25000.0,0.0,0.0,0.0,0.0
,,SG4,9340,8300001,BESTRETES AL PERSONAL,60000.0,0.0,60000.0,0.0,4665.35,4665.35,4665.35,4665.35,4665.35,55334.65,47919.69,0.0,0.0,0.0,0.0,0.0
,,SG4,0110,9131801,AMORT. PREST 2002 - CAM- Nº 0253636615,140237.0,0.0,140237.0,0.0,0.0,0.0,0.0,0.0,0.0,140237.0,1083402.42,0.0,0.0,0.0,0.0,0.0
,,SG4,0110,9131901,AMORT. PREST 2003 - LC Nº 30584029822,103045.0,0.0,103045.0,0.0,25760.92,25760.92,25760.92,25760.92,25760.92,77284.08,1083402.42,0.0,0.0,0.0,0.0,0.0
,,SG4,0110,9132001,AMORT. PREST 2004  BBVA  974 04357000,266368.0,0.0,266368.0,0.0,266366.67,266366.67,266366.67,266366.67,266366.67,1.33,1083402.42,0.0,0.0,0.0,0.0,0.0
,,SG4,0110,9132101,AMORT. PREST 2005 BBVA  974 05137023,200000.0,0.0,200000.0,0.0,0.0,0.0,0.0,0.0,0.0,200000.0,1083402.42,0.0,0.0,0.0,0.0,0.0
,,SG4,0110,9132201,AMORT. PREST 2006 BBVA 974-06183571,261795.0,0.0,261795.0,0.0,0.0,0.0,0.0,0.0,0.0,261795.0,1083402.42,0.0,0.0,0.0,0.0,0.0
,,SG4,0110,9132301,AMORT. PREST 2007 BBVA  Nº 07457494,136175.0,0.0,136175.0,0.0,0.0,0.0,0.0,0.0,0.0,136175.0,1083402.42,0.0,0.0,0.0,0.0,0.0
,,SG4,0110,9132501,AMORT. PREST 2007 LC  INVERS.Nº 9620-309-10030025,130445.0,0.0,130445.0,0.0,0.0,0.0,0.0,0.0,0.0,130445.0,1083402.42,0.0,0.0,0.0,0.0,0.0
,,SG4,0110,9132601,AMORT. PREST 2008 LC INV 708776-98,30695.0,0.0,30695.0,0.0,9672.65,9672.65,9672.65,9672.65,9672.65,21022.35,1083402.42,0.0,0.0,0.0,0.0,0.0
,,SG4,0110,9132701,AMORT. PREST 2009 BBVA 159010,144440.0,0.0,144440.0,0.0,36110.0,36110.0,36110.0,36110.0,36110.0,108330.0,1083402.42,0.0,0.0,0.0,0.0,0.0
,,SG4,0110,9132802,AMORT. PREST 2010 - BANKIA,69858.0,0.0,69858.0,0.0,15962.68,15962.68,15962.68,15962.68,15962.68,53895.32,1083402.42,0.0,0.0,0.0,0.0,0.0
#TOT.,,,,,,36032112.0,7756990.06,43789102.06,23671290.4,15876643.38,9370737.49,6220585.48,6090203.29,5452252.57,9071149.36,69936086.48,18751309.32,6505905.89,3150152.01,130382.19,
